A_IDTOTS_CP,A_CLAU_UNICA_CP,A_ID_CP,A_EXPEDIENT_CP,A_EMPRESA_CP,A_REF_ODOO_CP,A_FECHA_ALTA_ODOO_CP,A_NUMERO_CP,A_FECHA_EMISION_CP,A_PROVEEDOR_CP,A_IMPORTE_CP,A_ACUMULADO_CP,A_ESTADO_CP,A_ESTADO_FACTURACION_CP
1,5796-C-C/00001,1,5796,ADG32 5796 NSACARES SL,C-C/00001,2025-10-17,535296,2025-10-17,ROCALLA SA,1314.06,1314.06,Pedido de compra,Totalmente facturado
2,5796-C-C/00002,2,5796,ADG32 5796 NSACARES SL,C-C/00002,2025-10-17,535275,2025-10-17,ALUBIX SL,1130.14,2444.20,Pedido de compra,Totalmente facturado
3,5796-C-C/00003,3,5796,ADG32 5796 NSACARES SL,C-C/00003,2025-10-22,537495,2025-10-22,ALUBIX SL,3714.70,6158.90,Pedido de compra,Totalmente facturado
4,5796-C-C/00004,4,5796,ADG32 5796 NSACARES SL,C-C/00004,2025-10-22,537501,2025-10-22,ROCALLA SA,4319.70,10478.60,Pedido de compra,Totalmente facturado
5,5796-C-C/00005,5,5796,ADG32 5796 NSACARES SL,C-C/00005,2025-10-29,540082,2025-10-29,ALUBIX SL,3780.04,14258.64,Pedido de compra,Totalmente facturado
6,5796-C-C/00006,6,5796,ADG32 5796 NSACARES SL,C-C/00006,2025-10-29,540087,2025-10-29,ROCALLA SA,4126.10,18384.74,Pedido de compra,Totalmente facturado
7,5796-C-C/00007,7,5796,ADG32 5796 NSACARES SL,C-C/00007,2025-11-05,542282,2025-11-05,ALUBIX SL,3523.52,21908.26,Pedido de compra,Totalmente facturado
8,5796-C-C/00008,8,5796,ADG32 5796 NSACARES SL,C-C/00008,2025-11-05,542284,2025-11-05,ROCALLA SA,4467.32,26375.58,Pedido de compra,Totalmente facturado
9,5796-C-C/00009,9,5796,ADG32 5796 NSACARES SL,C-C/00009,2025-11-12,544979,2025-11-12,ROCALLA SA,4481.84,30857.42,Pedido de compra,Totalmente facturado
10,5796-C-C/00010,10,5796,ADG32 5796 NSACARES SL,C-C/00010,2025-11-12,544978,2025-11-12,ALUBIX SL,4038.98,34896.40,Pedido de compra,Totalmente facturado
11,5796-C-C/00011,11,5796,ADG32 5796 NSACARES SL,C-C/00011,2025-11-19,547875,2025-11-19,ROCALLA SA,3574.34,38470.74,Pedido de compra,Totalmente facturado
12,5796-C-C/00012,12,5796,ADG32 5796 NSACARES SL,C-C/00012,2025-11-19,547874,2025-11-19,ALUBIX SL,3518.68,41989.42,Pedido de compra,Totalmente facturado
13,5796-C-C/00013,13,5796,ADG32 5796 NSACARES SL,C-C/00013,2025-11-26,551187,2025-11-26,ROCALLA SA,3947.02,45936.44,Pedido de compra,Totalmente facturado
14,5796-C-C/00014,14,5796,ADG32 5796 NSACARES SL,C-C/00014,2025-11-26,551183,2025-11-26,ALUBIX SL,3695.34,49631.78,Pedido de compra,Totalmente facturado
15,5796-C-C/00015,15,5796,ADG32 5796 NSACARES SL,C-C/00015,2025-12-04,554188,2025-12-03,ROCALLA SA,4157.56,53789.34,Pedido de compra,Totalmente facturado
16,5796-C-C/00016,16,5796,ADG32 5796 NSACARES SL,C-C/00016,2025-12-04,554187,2025-12-03,ALUBIX SL,3605.80,57395.14,Pedido de compra,Totalmente facturado
17,5796-C-C/00018,17,5796,ADG32 5796 NSACARES SL,C-C/00018,2025-12-11,556693,2025-12-10,ROCALLA SA,4414.08,61809.22,Pedido de compra,Totalmente facturado
18,5796-C-C/00019,18,5796,ADG32 5796 NSACARES SL,C-C/00019,2025-12-11,556692,2025-12-10,ALUBIX SL,3780.04,65589.26,Pedido de compra,Totalmente facturado
19,5796-C-C/00020,19,5796,ADG32 5796 NSACARES SL,C-C/00020,2025-12-18,560877,2025-12-17,ALUBIX SL,3927.66,69516.92,Pedido de compra,Totalmente facturado
20,5796-C-C/00021,20,5796,ADG32 5796 NSACARES SL,C-C/00021,2025-12-18,560878,2025-12-17,ROCALLA SA,4307.60,73824.52,Pedido de compra,Totalmente facturado
21,6265-C-C/00001,1,6265,ADG32 6265 SMORENO SL,C-C/00001,2025-10-17,535282,2025-10-17,ALUBIX SL,1274.13,1274.13,Pedido de compra,Totalmente facturado
22,6265-C-C/00002,2,6265,ADG32 6265 SMORENO SL,C-C/00002,2025-10-17,535304,2025-10-17,ROCALLA SA,1231.78,2505.91,Pedido de compra,Totalmente facturado
23,6265-C-C/00003,3,6265,ADG32 6265 SMORENO SL,C-C/00003,2025-10-22,537485,2025-10-22,ALUBIX SL,3816.34,6322.25,Pedido de compra,Totalmente facturado
24,6265-C-C/00004,4,6265,ADG32 6265 SMORENO SL,C-C/00004,2025-10-22,537489,2025-10-22,ROCALLA SA,4205.96,10528.21,Pedido de compra,Totalmente facturado
25,6265-C-C/00005,5,6265,ADG32 6265 SMORENO SL,C-C/00005,2025-10-29,540079,2025-10-29,ALUBIX SL,3764.31,14292.52,Pedido de compra,Totalmente facturado
26,6265-C-C/00006,6,6265,ADG32 6265 SMORENO SL,C-C/00006,2025-10-29,540091,2025-10-29,ROCALLA SA,3963.96,18256.48,Pedido de compra,Totalmente facturado
27,6265-C-C/00007,7,6265,ADG32 6265 SMORENO SL,C-C/00007,2025-11-05,542308,2025-11-05,ALUBIX SL,4164.82,22421.30,Pedido de compra,Totalmente facturado
28,6265-C-C/00008,8,6265,ADG32 6265 SMORENO SL,C-C/00008,2025-11-05,542324,2025-11-05,ROCALLA SA,4641.56,27062.86,Pedido de compra,Totalmente facturado
29,6265-C-C/00009,9,6265,ADG32 6265 SMORENO SL,C-C/00009,2025-11-12,544980,2025-11-12,ALUBIX SL,3760.68,30823.54,Pedido de compra,Totalmente facturado
30,6265-C-C/00010,10,6265,ADG32 6265 SMORENO SL,C-C/00010,2025-11-12,544983,2025-11-12,ROCALLA SA,3886.52,34710.06,Pedido de compra,Totalmente facturado
31,6265-C-C/00011,11,6265,ADG32 6265 SMORENO SL,C-C/00011,2025-11-19,547940,2025-11-19,ALUBIX SL,4780.71,39490.77,Pedido de compra,Totalmente facturado
32,6265-C-C/00012,12,6265,ADG32 6265 SMORENO SL,C-C/00012,2025-11-19,547942,2025-11-19,ROCALLA SA,3644.52,43135.29,Pedido de compra,Totalmente facturado
33,6265-C-C/00013,13,6265,ADG32 6265 SMORENO SL,C-C/00013,2025-11-26,551295,2025-11-26,ROCALLA SA,3455.76,46591.05,Pedido de compra,Totalmente facturado
34,6265-C-C/00014,14,6265,ADG32 6265 SMORENO SL,C-C/00014,2025-11-26,551286,2025-11-26,ALUBIX SL,5021.50,51612.55,Pedido de compra,Totalmente facturado
35,6265-C-C/00015,15,6265,ADG32 6265 SMORENO SL,C-C/00015,2025-12-03,554294,2025-12-03,ALUBIX SL,5042.07,56654.62,Pedido de compra,Totalmente facturado
36,6265-C-C/00016,16,6265,ADG32 6265 SMORENO SL,C-C/00016,2025-12-03,554301,2025-12-03,ROCALLA SA,3463.02,60117.64,Pedido de compra,Totalmente facturado
37,6265-C-C/00017,17,6265,ADG32 6265 SMORENO SL,C-C/00017,2025-12-10,556846,2025-12-10,ALUBIX SL,3903.46,64021.10,Pedido de compra,Totalmente facturado
38,6265-C-C/00018,18,6265,ADG32 6265 SMORENO SL,C-C/00018,2025-12-10,556853,2025-12-10,ROCALLA SA,3840.54,67861.64,Pedido de compra,Totalmente facturado
39,6265-C-C/00019,19,6265,ADG32 6265 SMORENO SL,C-C/00019,2025-12-18,561013,2025-12-18,ALUBIX SL,3898.62,71760.26,Pedido de compra,Facturas en espera
40,6265-C-C/00020,20,6265,ADG32 6265 SMORENO SL,C-C/00020,2025-12-18,561014,2025-12-18,ROCALLA SA,3153.26,74913.52,Pedido de compra,Facturas en espera
41,6320-C-C/00001,1,6320,ADG32 6320 MNAVARRO SL,C-C/00001,2025-10-20,536438,2025-10-20,ALUBIX SL,1193.06,1193.06,Pedido de compra,Totalmente facturado
42,6320-C-C/00002,2,6320,ADG32 6320 MNAVARRO SL,C-C/00002,2025-10-20,536437,2025-10-20,ROCALLA SA,1173.70,2366.76,Pedido de compra,Totalmente facturado
43,6320-C-C/00003,3,6320,ADG32 6320 MNAVARRO SL,C-C/00003,2025-10-22,537484,2025-10-22,ALUBIX SL,3494.48,5861.24,Pedido de compra,Totalmente facturado
44,6320-C-C/00004,4,6320,ADG32 6320 MNAVARRO SL,C-C/00004,2025-10-22,537486,2025-10-22,ROCALLA SA,3506.58,9367.82,Pedido de compra,Totalmente facturado
45,6320-C-C/00005,5,6320,ADG32 6320 MNAVARRO SL,C-C/00005,2025-10-29,540056,2025-10-29,ALUBIX SL,4418.92,13786.74,Pedido de compra,Totalmente facturado
46,6320-C-C/00006,6,6320,ADG32 6320 MNAVARRO SL,C-C/00006,2025-10-29,540057,2025-10-29,ROCALLA SA,4498.78,18285.52,Pedido de compra,Totalmente facturado
47,6320-C-C/00007,7,6320,ADG32 6320 MNAVARRO SL,C-C/00007,2025-11-05,542290,2025-11-05,ALUBIX SL,3988.16,22273.68,Pedido de compra,Totalmente facturado
48,6320-C-C/00008,8,6320,ADG32 6320 MNAVARRO SL,C-C/00008,2025-11-05,542293,2025-11-05,ROCALLA SA,3954.28,26227.96,Pedido de compra,Totalmente facturado
49,6320-C-C/00009,9,6320,ADG32 6320 MNAVARRO SL,C-C/00009,2025-11-12,544981,2025-11-12,ROCALLA SA,3809.08,30037.04,Pedido de compra,Totalmente facturado
50,6320-C-C/00010,10,6320,ADG32 6320 MNAVARRO SL,C-C/00010,2025-11-12,544975,2025-11-12,ALUBIX SL,3988.16,34025.20,Pedido de compra,Totalmente facturado
51,6320-C-C/00011,11,6320,ADG32 6320 MNAVARRO SL,C-C/00011,2025-11-20,549047,2025-11-20,ALUBIX SL,4539.92,38565.12,Pedido de compra,Totalmente facturado
52,6320-C-C/00012,12,6320,ADG32 6320 MNAVARRO SL,C-C/00012,2025-11-20,549048,2025-11-20,ROCALLA SA,4014.78,42579.90,Pedido de compra,Totalmente facturado
53,6320-C-C/00013,13,6320,ADG32 6320 MNAVARRO SL,C-C/00013,2025-11-26,551254,2025-11-26,ALUBIX SL,4653.66,47233.56,Pedido de compra,Totalmente facturado
54,6320-C-C/00014,14,6320,ADG32 6320 MNAVARRO SL,C-C/00014,2025-11-26,551267,2025-11-26,ROCALLA SA,4602.84,51836.40,Pedido de compra,Totalmente facturado
55,6320-C-C/00015,15,6320,ADG32 6320 MNAVARRO SL,C-C/00015,2025-12-03,554277,2025-12-03,ALUBIX SL,4087.38,55923.78,Pedido de compra,Totalmente facturado
56,6320-C-C/00016,16,6320,ADG32 6320 MNAVARRO SL,C-C/00016,2025-12-03,554290,2025-12-03,ROCALLA SA,4232.58,60156.36,Pedido de compra,Totalmente facturado
57,6320-C-C/00017,17,6320,ADG32 6320 MNAVARRO SL,C-C/00017,2025-12-10,556839,2025-12-10,ALUBIX SL,4334.22,64490.58,Pedido de compra,Totalmente facturado
58,6320-C-C/00018,18,6320,ADG32 6320 MNAVARRO SL,C-C/00018,2025-12-10,556843,2025-12-10,ROCALLA SA,4365.68,68856.26,Pedido de compra,Totalmente facturado
59,6320-C-C/00019,19,6320,ADG32 6320 MNAVARRO SL,C-C/00019,2025-12-18,561001,2025-12-18,ALUBIX SL,4082.54,72938.80,Pedido de compra,Totalmente facturado
60,6320-C-C/00020,20,6320,ADG32 6320 MNAVARRO SL,C-C/00020,2025-12-18,561002,2025-12-18,ROCALLA SA,3714.70,76653.50,Pedido de compra,Totalmente facturado
61,6320-C-C/00021,21,6320,ADG32 6320 MNAVARRO SL,C-C/00021,2025-12-30,561708,2025-12-29,ROCALLA SA,166.98,76820.48,Pedido de compra,Facturas en espera
62,6320-C-C/00022,22,6320,ADG32 6320 MNAVARRO SL,C-C/00022,2025-12-30,561707,2025-12-29,ALUBIX SL,157.30,76977.78,Pedido de compra,Facturas en espera
63,6352-C-C/00001,1,6352,ADG32 6352 SAANANOU SL,C-C/00001,2025-10-17,535312,2025-10-17,ROCALLA SA,1056.33,1056.33,Pedido de compra,Totalmente facturado
64,6352-C-C/00002,2,6352,ADG32 6352 SAANANOU SL,C-C/00002,2025-10-17,535285,2025-10-17,ALUBIX SL,1266.87,2323.20,Pedido de compra,Totalmente facturado
65,6352-C-C/00003,3,6352,ADG32 6352 SAANANOU SL,C-C/00003,2025-10-23,537112,2025-10-22,ALUBIX SL,4020.23,6343.43,Pedido de compra,Totalmente facturado
66,6352-C-C/00004,4,6352,ADG32 6352 SAANANOU SL,C-C/00004,2025-10-23,537115,2025-10-22,ROCALLA SA,3661.46,10004.89,Pedido de compra,Totalmente facturado
67,6352-C-C/00005,5,6352,ADG32 6352 SAANANOU SL,C-C/00005,2025-10-29,540133,2025-10-29,ALUBIX SL,4325.15,14330.04,Pedido de compra,Totalmente facturado
68,6352-C-C/00006,6,6352,ADG32 6352 SAANANOU SL,C-C/00006,2025-10-29,540134,2025-10-29,ROCALLA SA,3539.25,17869.29,Pedido de compra,Totalmente facturado
69,6352-C-C/00007,7,6352,ADG32 6352 SAANANOU SL,C-C/00007,2025-11-05,542386,2025-11-05,ALUBIX SL,4266.46,22135.75,Pedido de compra,Totalmente facturado
70,6352-C-C/00008,8,6352,ADG32 6352 SAANANOU SL,C-C/00008,2025-11-05,542389,2025-11-05,ROCALLA SA,3643.31,25779.06,Pedido de compra,Totalmente facturado
71,6352-C-C/00009,9,6352,ADG32 6352 SAANANOU SL,C-C/00009,2025-11-12,545031,2025-11-12,ALUBIX SL,4049.27,29828.33,Pedido de compra,Totalmente facturado
72,6352-C-C/00010,10,6352,ADG32 6352 SAANANOU SL,C-C/00010,2025-11-12,545032,2025-11-12,ROCALLA SA,3403.73,33232.06,Pedido de compra,Totalmente facturado
73,6352-C-C/00011,11,6352,ADG32 6352 SAANANOU SL,C-C/00011,2025-11-20,548396,2025-11-19,ALUBIX SL,3916.77,37148.83,Pedido de compra,Totalmente facturado
74,6352-C-C/00012,12,6352,ADG32 6352 SAANANOU SL,C-C/00012,2025-11-20,548397,2025-11-19,ROCALLA SA,3781.25,40930.08,Pedido de compra,Totalmente facturado
75,6352-C-C/00013,13,6352,ADG32 6352 SAANANOU SL,C-C/00013,2025-11-26,551300,2025-11-26,ALUBIX SL,4823.06,45753.14,Pedido de compra,Totalmente facturado
76,6352-C-C/00014,14,6352,ADG32 6352 SAANANOU SL,C-C/00014,2025-11-26,551301,2025-11-26,ROCALLA SA,4241.05,49994.19,Pedido de compra,Totalmente facturado
77,6352-C-C/00015,15,6352,ADG32 6352 SAANANOU SL,C-C/00015,2025-12-03,554360,2025-12-03,ALUBIX SL,4040.80,54034.99,Pedido de compra,Totalmente facturado
78,6352-C-C/00016,16,6352,ADG32 6352 SAANANOU SL,C-C/00016,2025-12-03,554362,2025-12-03,ROCALLA SA,3861.11,57896.10,Pedido de compra,Totalmente facturado
79,6352-C-C/00017,17,6352,ADG32 6352 SAANANOU SL,C-C/00017,2025-12-10,556920,2025-12-10,ALUBIX SL,4420.74,62316.84,Pedido de compra,Totalmente facturado
80,6352-C-C/00018,18,6352,ADG32 6352 SAANANOU SL,C-C/00018,2025-12-10,556921,2025-12-10,ROCALLA SA,3950.65,66267.49,Pedido de compra,Totalmente facturado
81,6352-C-C/00019,19,6352,ADG32 6352 SAANANOU SL,C-C/00019,2025-12-17,560955,2025-12-17,ALUBIX SL,3872.00,70139.49,Pedido de compra,Totalmente facturado
82,6352-C-C/00021,20,6352,ADG32 6352 SAANANOU SL,C-C/00021,2025-12-19,560956,2025-12-17,ROCALLA SA,3191.98,73331.47,Pedido de compra,Totalmente facturado
83,6352-C-C/00022,21,6352,ADG32 6352 SAANANOU SL,C-C/00022,2025-12-28,561694,2025-12-28,ALUBIX SL,158.51,73489.98,Pedido de compra,Facturas en espera
84,6352-C-C/00023,22,6352,ADG32 6352 SAANANOU SL,C-C/00023,2025-12-28,561695,2025-12-28,ROCALLA SA,158.51,73648.49,Pedido de compra,Facturas en espera
85,6356-C-C/00001,1,6356,ADG32 6356 WAANANOU SL,C-C/00001,2025-10-17,535313,2025-10-17,ROCALLA SA,1444.74,1444.74,Pedido de compra,Totalmente facturado
86,6356-C-C/00002,2,6356,ADG32 6356 WAANANOU SL,C-C/00002,2025-10-17,535295,2025-10-17,ALUBIX SL,1507.66,2952.40,Pedido de compra,Totalmente facturado
87,6356-C-C/00003,3,6356,ADG32 6356 WAANANOU SL,C-C/00003,2025-10-22,537767,2025-10-22,ROCALLA SA,4977.94,7930.34,Pedido de compra,Totalmente facturado
88,6356-C-C/00004,4,6356,ADG32 6356 WAANANOU SL,C-C/00004,2025-10-22,537160,2025-10-22,ALUBIX SL,4808.54,12738.88,Pedido de compra,Totalmente facturado
89,6356-C-C/00005,5,6356,ADG32 6356 WAANANOU SL,C-C/00005,2025-10-29,540159,2025-10-29,ALUBIX SL,3874.42,16613.30,Pedido de compra,Totalmente facturado
90,6356-C-C/00006,6,6356,ADG32 6356 WAANANOU SL,C-C/00006,2025-10-29,540161,2025-10-29,ROCALLA SA,3322.66,19935.96,Pedido de compra,Totalmente facturado
91,6356-C-C/00007,7,6356,ADG32 6356 WAANANOU SL,C-C/00007,2025-11-06,542875,2025-11-05,ROCALLA SA,2473.24,22409.20,Pedido de compra,Totalmente facturado
92,6356-C-C/00010,8,6356,ADG32 6356 WAANANOU SL,C-C/00010,2025-11-12,545041,2025-11-12,ALUBIX SL,4689.96,27099.16,Pedido de compra,Totalmente facturado
93,6356-C-C/00011,9,6356,ADG32 6356 WAANANOU SL,C-C/00011,2025-11-13,545755,2025-11-13,ROCALLA SA,3369.85,30469.01,Pedido de compra,Totalmente facturado
94,6356-C-C/00012,10,6356,ADG32 6356 WAANANOU SL,C-C/00012,2025-11-14,546232,2025-11-14,ROCALLA SA,326.70,30795.71,Pedido de compra,Totalmente facturado
95,6356-C-C/00013,11,6356,ADG32 6356 WAANANOU SL,C-C/00013,2025-11-19,547964,2025-11-19,ALUBIX SL,4418.92,35214.63,Pedido de compra,Totalmente facturado
96,6356-C-C/00014,12,6356,ADG32 6356 WAANANOU SL,C-C/00014,2025-11-19,542874,2025-11-05,ALUBIX SL,4360.84,39575.47,Pedido de compra,Totalmente facturado
97,6356-C-C/00015,13,6356,ADG32 6356 WAANANOU SL,C-C/00015,2025-11-19,548603,2025-11-19,ALUBIX SL,239.58,39815.05,Pedido de compra,Totalmente facturado
98,6356-C-C/00016,14,6356,ADG32 6356 WAANANOU SL,C-C/00016,2025-11-19,548606,2025-11-19,ROCALLA SA,3488.43,43303.48,Pedido de compra,Totalmente facturado
99,6356-C-C/00017,15,6356,ADG32 6356 WAANANOU SL,C-C/00017,2025-11-21,549377,2025-11-21,ROCALLA SA,14.52,43318.00,Pedido de compra,Totalmente facturado
100,6356-C-C/00018,16,6356,ADG32 6356 WAANANOU SL,C-C/00018,2025-11-26,551319,2025-11-26,ALUBIX SL,2814.46,46132.46,Pedido de compra,Totalmente facturado
101,6356-C-C/00019,17,6356,ADG32 6356 WAANANOU SL,C-C/00019,2025-11-26,551323,2025-11-26,ROCALLA SA,3196.82,49329.28,Pedido de compra,Totalmente facturado
102,6356-C-C/00020,18,6356,ADG32 6356 WAANANOU SL,C-C/00020,2025-11-26,551595,2025-11-26,ALUBIX SL,1422.96,50752.24,Pedido de compra,Totalmente facturado
103,6356-C-C/00021,19,6356,ADG32 6356 WAANANOU SL,C-C/00021,2025-12-03,554396,2025-12-03,ALUBIX SL,4767.40,55519.64,Pedido de compra,Totalmente facturado
104,6356-C-C/00022,20,6356,ADG32 6356 WAANANOU SL,C-C/00022,2025-12-03,554399,2025-12-03,ROCALLA SA,3803.03,59322.67,Pedido de compra,Totalmente facturado
105,6356-C-C/00023,21,6356,ADG32 6356 WAANANOU SL,C-C/00023,2025-12-10,557603,2025-12-10,ALUBIX SL,4314.86,63637.53,Pedido de compra,Totalmente facturado
106,6356-C-C/00024,22,6356,ADG32 6356 WAANANOU SL,C-C/00024,2025-12-10,557605,2025-12-10,ROCALLA SA,3623.95,67261.48,Pedido de compra,Totalmente facturado
107,6356-C-C/00025,23,6356,ADG32 6356 WAANANOU SL,C-C/00025,2025-12-17,560979,2025-12-17,ALUBIX SL,4997.30,72258.78,Pedido de compra,Totalmente facturado
108,6356-C-C/00027,24,6356,ADG32 6356 WAANANOU SL,C-C/00027,2025-12-18,560980,2025-12-17,ROCALLA SA,3662.67,75921.45,Pedido de compra,Totalmente facturado
109,6356-C-C/00028,25,6356,ADG32 6356 WAANANOU SL,C-C/00028,2025-12-29,561705,2025-12-29,ALUBIX SL,157.30,76078.75,Pedido de compra,Facturas en espera
110,6356-C-C/00029,26,6356,ADG32 6356 WAANANOU SL,C-C/00029,2025-12-29,561706,2025-12-29,ROCALLA SA,158.51,76237.26,Pedido de compra,Facturas en espera
111,6366-C-C/00001,1,6366,ADG32 6366 JMORAGUES SL,C-C/00001,2025-10-17,535306,2025-10-17,ROCALLA SA,1353.99,1353.99,Pedido de compra,Totalmente facturado
112,6366-C-C/00002,2,6366,ADG32 6366 JMORAGUES SL,C-C/00002,2025-10-17,535278,2025-10-17,ALUBIX SL,1067.22,2421.21,Pedido de compra,Totalmente facturado
113,6366-C-C/00003,3,6366,ADG32 6366 JMORAGUES SL,C-C/00003,2025-10-22,537109,2025-10-22,ALUBIX SL,3748.58,6169.79,Pedido de compra,Totalmente facturado
114,6366-C-C/00004,4,6366,ADG32 6366 JMORAGUES SL,C-C/00004,2025-10-22,537116,2025-10-22,ROCALLA SA,4239.84,10409.63,Pedido de compra,Totalmente facturado
115,6366-C-C/00005,5,6366,ADG32 6366 JMORAGUES SL,C-C/00005,2025-10-29,540059,2025-10-29,ALUBIX SL,3303.30,13712.93,Pedido de compra,Totalmente facturado
116,6366-C-C/00006,6,6366,ADG32 6366 JMORAGUES SL,C-C/00006,2025-10-29,540061,2025-10-29,ROCALLA SA,3873.21,17586.14,Pedido de compra,Totalmente facturado
117,6366-C-C/00007,7,6366,ADG32 6366 JMORAGUES SL,C-C/00007,2025-11-05,542307,2025-11-05,ALUBIX SL,4242.26,21828.40,Pedido de compra,Totalmente facturado
118,6366-C-C/00008,8,6366,ADG32 6366 JMORAGUES SL,C-C/00008,2025-11-05,542310,2025-11-05,ROCALLA SA,5150.97,26979.37,Pedido de compra,Totalmente facturado
119,6366-C-C/00009,9,6366,ADG32 6366 JMORAGUES SL,C-C/00009,2025-11-12,544984,2025-11-12,ALUBIX SL,3564.66,30544.03,Pedido de compra,Totalmente facturado
120,6366-C-C/00010,10,6366,ADG32 6366 JMORAGUES SL,C-C/00010,2025-11-12,544986,2025-11-12,ROCALLA SA,4773.45,35317.48,Pedido de compra,Totalmente facturado
121,6366-C-C/00011,11,6366,ADG32 6366 JMORAGUES SL,C-C/00011,2025-11-19,547936,2025-11-19,ALUBIX SL,3310.56,38628.04,Pedido de compra,Totalmente facturado
122,6366-C-C/00012,12,6366,ADG32 6366 JMORAGUES SL,C-C/00012,2025-11-19,547938,2025-11-19,ROCALLA SA,3767.94,42395.98,Pedido de compra,Totalmente facturado
123,6366-C-C/00013,13,6366,ADG32 6366 JMORAGUES SL,C-C/00013,2025-11-26,551253,2025-11-26,ALUBIX SL,3859.90,46255.88,Pedido de compra,Totalmente facturado
124,6366-C-C/00014,14,6366,ADG32 6366 JMORAGUES SL,C-C/00014,2025-11-26,551263,2025-11-26,ROCALLA SA,4265.25,50521.13,Pedido de compra,Totalmente facturado
125,6366-C-C/00015,15,6366,ADG32 6366 JMORAGUES SL,C-C/00015,2025-12-03,554336,2025-12-03,ALUBIX SL,3576.76,54097.89,Pedido de compra,Totalmente facturado
126,6366-C-C/00016,16,6366,ADG32 6366 JMORAGUES SL,C-C/00016,2025-12-03,554337,2025-12-03,ROCALLA SA,4345.11,58443.00,Pedido de compra,Totalmente facturado
127,6366-C-C/00017,17,6366,ADG32 6366 JMORAGUES SL,C-C/00017,2025-12-10,556849,2025-12-10,ALUBIX SL,3492.06,61935.06,Pedido de compra,Totalmente facturado
128,6366-C-C/00018,18,6366,ADG32 6366 JMORAGUES SL,C-C/00018,2025-12-10,556852,2025-12-10,ROCALLA SA,4189.02,66124.08,Pedido de compra,Totalmente facturado
129,6366-C-C/00019,19,6366,ADG32 6366 JMORAGUES SL,C-C/00019,2025-12-18,561023,2025-12-18,ALUBIX SL,3373.48,69497.56,Pedido de compra,Totalmente facturado
130,6366-C-C/00020,20,6366,ADG32 6366 JMORAGUES SL,C-C/00020,2025-12-18,561027,2025-12-18,ROCALLA SA,3767.94,73265.50,Pedido de compra,Totalmente facturado
131,6368-C-C/00001,1,6368,ADG32 6368 LPIZA SL,C-C/00001,2025-10-17,535324,2025-10-17,ROCALLA SA,1672.22,1672.22,Pedido de compra,Totalmente facturado
132,6368-C-C/00002,2,6368,ADG32 6368 LPIZA SL,C-C/00002,2025-10-17,535321,2025-10-17,ALUBIX SL,1447.16,3119.38,Pedido de compra,Totalmente facturado
133,6368-C-C/00003,3,6368,ADG32 6368 LPIZA SL,C-C/00003,2025-10-23,537130,2025-10-22,ALUBIX SL,3092.76,6212.14,Pedido de compra,Totalmente facturado
134,6368-C-C/00004,4,6368,ADG32 6368 LPIZA SL,C-C/00004,2025-10-23,537135,2025-10-22,ROCALLA SA,3559.82,9771.96,Pedido de compra,Totalmente facturado
135,6368-C-C/00005,5,6368,ADG32 6368 LPIZA SL,C-C/00005,2025-10-29,540078,2025-10-29,ROCALLA SA,4264.04,14036.00,Pedido de compra,Totalmente facturado
136,6368-C-C/00006,6,6368,ADG32 6368 LPIZA SL,C-C/00006,2025-10-29,540077,2025-10-29,ALUBIX SL,3598.54,17634.54,Pedido de compra,Totalmente facturado
137,6368-C-C/00007,7,6368,ADG32 6368 LPIZA SL,C-C/00007,2025-11-05,542304,2025-11-05,ALUBIX SL,3813.92,21448.46,Pedido de compra,Totalmente facturado
138,6368-C-C/00008,8,6368,ADG32 6368 LPIZA SL,C-C/00008,2025-11-05,542312,2025-11-05,ROCALLA SA,4714.16,26162.62,Pedido de compra,Totalmente facturado
139,6368-C-C/00009,9,6368,ADG32 6368 LPIZA SL,C-C/00009,2025-11-13,545514,2025-11-13,ALUBIX SL,3315.40,29478.02,Pedido de compra,Totalmente facturado
140,6368-C-C/00010,10,6368,ADG32 6368 LPIZA SL,C-C/00010,2025-11-13,545515,2025-11-13,ROCALLA SA,4486.68,33964.70,Pedido de compra,Totalmente facturado
141,6368-C-C/00011,11,6368,ADG32 6368 LPIZA SL,C-C/00011,2025-11-19,547923,2025-11-19,ROCALLA SA,4176.92,38141.62,Pedido de compra,Totalmente facturado
142,6368-C-C/00012,12,6368,ADG32 6368 LPIZA SL,C-C/00012,2025-11-19,547920,2025-11-19,ALUBIX SL,3540.46,41682.08,Pedido de compra,Totalmente facturado
143,6368-C-C/00013,13,6368,ADG32 6368 LPIZA SL,C-C/00013,2025-11-27,551381,2025-11-26,ALUBIX SL,3959.12,45641.20,Pedido de compra,Totalmente facturado
144,6368-C-C/00014,14,6368,ADG32 6368 LPIZA SL,C-C/00014,2025-11-27,551390,2025-11-26,ROCALLA SA,4271.30,49912.50,Pedido de compra,Totalmente facturado
145,6368-C-C/00015,15,6368,ADG32 6368 LPIZA SL,C-C/00015,2025-12-03,554316,2025-12-03,ROCALLA SA,4663.34,54575.84,Pedido de compra,Totalmente facturado
146,6368-C-C/00016,16,6368,ADG32 6368 LPIZA SL,C-C/00016,2025-12-03,554313,2025-12-03,ALUBIX SL,3913.14,58488.98,Pedido de compra,Totalmente facturado
147,6368-C-C/00017,17,6368,ADG32 6368 LPIZA SL,C-C/00017,2025-12-10,556851,2025-12-10,ALUBIX SL,3593.70,62082.68,Pedido de compra,Totalmente facturado
148,6368-C-C/00018,18,6368,ADG32 6368 LPIZA SL,C-C/00018,2025-12-10,556855,2025-12-10,ROCALLA SA,5186.06,67268.74,Pedido de compra,Totalmente facturado
149,6368-C-C/00019,19,6368,ADG32 6368 LPIZA SL,C-C/00019,2025-12-17,560474,2025-12-17,ALUBIX SL,3283.94,70552.68,Pedido de compra,Facturas en espera
150,6368-C-C/00020,20,6368,ADG32 6368 LPIZA SL,C-C/00020,2025-12-17,560477,2025-12-17,ROCALLA SA,3741.32,74294.00,Pedido de compra,Facturas en espera
151,6369-C-C/00001,1,6369,ADG32 6369 VMASTRANGELO SL,C-C/00001,2025-10-17,535299,2025-10-17,ROCALLA SA,1593.57,1593.57,Pedido de compra,Totalmente facturado
152,6369-C-C/00002,2,6369,ADG32 6369 VMASTRANGELO SL,C-C/00002,2025-10-17,535276,2025-10-17,ALUBIX SL,1239.04,2832.61,Pedido de compra,Totalmente facturado
153,6369-C-C/00003,3,6369,ADG32 6369 VMASTRANGELO SL,C-C/00003,2025-10-22,537052,2025-10-22,ROCALLA SA,4268.88,7101.49,Pedido de compra,Totalmente facturado
154,6369-C-C/00004,4,6369,ADG32 6369 VMASTRANGELO SL,C-C/00004,2025-10-22,537048,2025-10-22,ALUBIX SL,1840.41,8941.90,Pedido de compra,Totalmente facturado
155,6369-C-C/00005,5,6369,ADG32 6369 VMASTRANGELO SL,C-C/00005,2025-10-22,537049,2025-10-22,ALUBIX SL,1583.89,10525.79,Pedido de compra,Totalmente facturado
156,6369-C-C/00006,6,6369,ADG32 6369 VMASTRANGELO SL,C-C/00006,2025-10-29,540058,2025-10-29,ROCALLA SA,4544.76,15070.55,Pedido de compra,Totalmente facturado
157,6369-C-C/00007,7,6369,ADG32 6369 VMASTRANGELO SL,C-C/00007,2025-10-29,540055,2025-10-29,ALUBIX SL,3286.36,18356.91,Pedido de compra,Totalmente facturado
158,6369-C-C/00008,8,6369,ADG32 6369 VMASTRANGELO SL,C-C/00008,2025-11-05,542280,2025-11-05,ALUBIX SL,3501.74,21858.65,Pedido de compra,Totalmente facturado
159,6369-C-C/00009,9,6369,ADG32 6369 VMASTRANGELO SL,C-C/00009,2025-11-05,542281,2025-11-05,ROCALLA SA,4034.14,25892.79,Pedido de compra,Totalmente facturado
160,6369-C-C/00010,10,6369,ADG32 6369 VMASTRANGELO SL,C-C/00010,2025-11-12,544972,2025-11-12,ALUBIX SL,3682.64,29575.43,Pedido de compra,Totalmente facturado
161,6369-C-C/00011,11,6369,ADG32 6369 VMASTRANGELO SL,C-C/00011,2025-11-12,544977,2025-11-12,ROCALLA SA,4266.46,33841.89,Pedido de compra,Totalmente facturado
162,6369-C-C/00012,12,6369,ADG32 6369 VMASTRANGELO SL,C-C/00012,2025-11-19,547924,2025-11-19,ALUBIX SL,3590.07,37431.96,Pedido de compra,Totalmente facturado
163,6369-C-C/00013,13,6369,ADG32 6369 VMASTRANGELO SL,C-C/00013,2025-11-19,547925,2025-11-19,ROCALLA SA,4089.80,41521.76,Pedido de compra,Totalmente facturado
164,6369-C-C/00014,14,6369,ADG32 6369 VMASTRANGELO SL,C-C/00014,2025-11-26,551192,2025-11-26,ALUBIX SL,3931.29,45453.05,Pedido de compra,Totalmente facturado
165,6369-C-C/00015,15,6369,ADG32 6369 VMASTRANGELO SL,C-C/00015,2025-11-26,551194,2025-11-26,ROCALLA SA,4502.41,49955.46,Pedido de compra,Totalmente facturado
166,6369-C-C/00016,16,6369,ADG32 6369 VMASTRANGELO SL,C-C/00016,2025-12-03,554275,2025-12-03,ALUBIX SL,3245.83,53201.29,Pedido de compra,Totalmente facturado
167,6369-C-C/00017,17,6369,ADG32 6369 VMASTRANGELO SL,C-C/00017,2025-12-03,554280,2025-12-03,ROCALLA SA,4397.14,57598.43,Pedido de compra,Totalmente facturado
168,6369-C-C/00018,18,6369,ADG32 6369 VMASTRANGELO SL,C-C/00018,2025-12-03,554380,2025-12-03,ROCALLA SA,65.34,57663.77,Pedido de compra,Totalmente facturado
169,6369-C-C/00019,19,6369,ADG32 6369 VMASTRANGELO SL,C-C/00019,2025-12-10,556808,2025-12-10,ROCALLA SA,4440.70,62104.47,Pedido de compra,Totalmente facturado
170,6369-C-C/00020,20,6369,ADG32 6369 VMASTRANGELO SL,C-C/00020,2025-12-10,556812,2025-12-10,ALUBIX SL,3415.83,65520.30,Pedido de compra,Totalmente facturado
171,6369-C-C/00021,21,6369,ADG32 6369 VMASTRANGELO SL,C-C/00021,2025-12-17,560905,2025-12-17,ALUBIX SL,3581.60,69101.90,Pedido de compra,Totalmente facturado
172,6369-C-C/00022,22,6369,ADG32 6369 VMASTRANGELO SL,C-C/00022,2025-12-17,560906,2025-12-17,ROCALLA SA,4262.83,73364.73,Pedido de compra,Totalmente facturado
173,6427-C-C/00001,1,6427,ADG32 6427 NANANOU SL,C-C/00001,2025-10-17,535303,2025-10-17,ROCALLA SA,786.50,786.50,Pedido de compra,Totalmente facturado
174,6427-C-C/00002,2,6427,ADG32 6427 NANANOU SL,C-C/00002,2025-10-17,535280,2025-10-17,ALUBIX SL,1352.78,2139.28,Pedido de compra,Totalmente facturado
175,6427-C-C/00003,3,6427,ADG32 6427 NANANOU SL,C-C/00003,2025-10-23,537785,2025-10-23,ROCALLA SA,2870.12,5009.40,Pedido de compra,Totalmente facturado
176,6427-C-C/00004,4,6427,ADG32 6427 NANANOU SL,C-C/00004,2025-10-23,537782,2025-10-23,ALUBIX SL,4619.78,9629.18,Pedido de compra,Totalmente facturado
177,6427-C-C/00005,5,6427,ADG32 6427 NANANOU SL,C-C/00005,2025-10-29,540132,2025-10-29,ROCALLA SA,2618.44,12247.62,Pedido de compra,Totalmente facturado
178,6427-C-C/00006,6,6427,ADG32 6427 NANANOU SL,C-C/00006,2025-10-29,540130,2025-10-29,ALUBIX SL,4474.58,16722.20,Pedido de compra,Totalmente facturado
179,6427-C-C/00007,7,6427,ADG32 6427 NANANOU SL,C-C/00007,2025-11-05,542342,2025-11-05,ALUBIX SL,5186.06,21908.26,Pedido de compra,Totalmente facturado
180,6427-C-C/00008,8,6427,ADG32 6427 NANANOU SL,C-C/00008,2025-11-05,542345,2025-11-05,ROCALLA SA,3274.26,25182.52,Pedido de compra,Totalmente facturado
181,6427-C-C/00009,9,6427,ADG32 6427 NANANOU SL,C-C/00009,2025-11-12,544987,2025-11-12,ALUBIX SL,4636.72,29819.24,Pedido de compra,Totalmente facturado
182,6427-C-C/00010,10,6427,ADG32 6427 NANANOU SL,C-C/00010,2025-11-12,544989,2025-11-12,ROCALLA SA,2816.88,32636.12,Pedido de compra,Totalmente facturado
183,6427-C-C/00011,11,6427,ADG32 6427 NANANOU SL,C-C/00011,2025-11-21,548604,2025-11-19,ALUBIX SL,4542.34,37178.46,Pedido de compra,Totalmente facturado
184,6427-C-C/00012,12,6427,ADG32 6427 NANANOU SL,C-C/00012,2025-11-21,548605,2025-11-19,ROCALLA SA,3332.34,40510.80,Pedido de compra,Totalmente facturado
185,6427-C-C/00013,13,6427,ADG32 6427 NANANOU SL,C-C/00013,2025-11-26,551241,2025-11-26,ALUBIX SL,4881.14,45391.94,Pedido de compra,Totalmente facturado
186,6427-C-C/00014,14,6427,ADG32 6427 NANANOU SL,C-C/00014,2025-11-26,551246,2025-11-26,ROCALLA SA,3160.52,48552.46,Pedido de compra,Totalmente facturado
187,6427-C-C/00015,15,6427,ADG32 6427 NANANOU SL,C-C/00015,2025-12-03,554338,2025-12-03,ALUBIX SL,4653.66,53206.12,Pedido de compra,Totalmente facturado
188,6427-C-C/00016,16,6427,ADG32 6427 NANANOU SL,C-C/00016,2025-12-03,554339,2025-12-03,ROCALLA SA,2792.68,55998.80,Pedido de compra,Totalmente facturado
189,6427-C-C/00017,17,6427,ADG32 6427 NANANOU SL,C-C/00017,2025-12-10,556848,2025-12-10,ALUBIX SL,5164.28,61163.08,Pedido de compra,Totalmente facturado
190,6427-C-C/00018,18,6427,ADG32 6427 NANANOU SL,C-C/00018,2025-12-10,556854,2025-12-10,ROCALLA SA,3254.90,64417.98,Pedido de compra,Totalmente facturado
191,6427-C-C/00019,19,6427,ADG32 6427 NANANOU SL,C-C/00019,2025-12-17,560936,2025-12-17,ALUBIX SL,4670.60,69088.58,Pedido de compra,Totalmente facturado
192,6427-C-C/00020,20,6427,ADG32 6427 NANANOU SL,C-C/00020,2025-12-17,560937,2025-12-17,ROCALLA SA,2974.18,72062.76,Pedido de compra,Totalmente facturado
193,6427-C-C/00021,21,6427,ADG32 6427 NANANOU SL,C-C/00021,2025-12-29,561701,2025-12-29,ALUBIX SL,171.82,72234.58,Pedido de compra,Facturas en espera
194,6427-C-C/00023,22,6427,ADG32 6427 NANANOU SL,C-C/00023,2025-12-30,561703,2025-12-29,ROCALLA SA,157.30,72391.88,Pedido de compra,Facturas en espera
195,6428-C-C/00003,1,6428,ADG32 6428 ABOUBAL SL,C-C/00003,2025-10-24,538001,2025-10-23,ALUBIX SL,5057.80,5057.80,Pedido de compra,Totalmente facturado
196,6428-C-C/00004,2,6428,ADG32 6428 ABOUBAL SL,C-C/00004,2025-10-24,538002,2025-10-23,ROCALLA SA,5619.24,10677.04,Pedido de compra,Totalmente facturado
197,6428-C-C/00005,3,6428,ADG32 6428 ABOUBAL SL,C-C/00005,2025-10-29,540109,2025-10-29,ROCALLA SA,4179.34,14856.38,Pedido de compra,Totalmente facturado
198,6428-C-C/00006,4,6428,ADG32 6428 ABOUBAL SL,C-C/00006,2025-10-29,540108,2025-10-29,ALUBIX SL,3649.36,18505.74,Pedido de compra,Totalmente facturado
199,6428-C-C/00007,5,6428,ADG32 6428 ABOUBAL SL,C-C/00007,2025-11-05,542322,2025-11-05,ROCALLA SA,3934.92,22440.66,Pedido de compra,Totalmente facturado
200,6428-C-C/00008,6,6428,ADG32 6428 ABOUBAL SL,C-C/00008,2025-11-05,542319,2025-11-05,ALUBIX SL,4143.04,26583.70,Pedido de compra,Totalmente facturado
201,6428-C-C/00009,7,6428,ADG32 6428 ABOUBAL SL,C-C/00009,2025-11-12,545025,2025-11-12,ALUBIX SL,3683.24,30266.94,Pedido de compra,Totalmente facturado
202,6428-C-C/00010,8,6428,ADG32 6428 ABOUBAL SL,C-C/00010,2025-11-12,545027,2025-11-12,ROCALLA SA,3932.50,34199.44,Pedido de compra,Totalmente facturado
203,6428-C-C/00011,9,6428,ADG32 6428 ABOUBAL SL,C-C/00011,2025-11-19,547912,2025-11-19,ALUBIX SL,4404.40,38603.84,Pedido de compra,Totalmente facturado
204,6428-C-C/00012,10,6428,ADG32 6428 ABOUBAL SL,C-C/00012,2025-11-19,547914,2025-11-19,ROCALLA SA,4302.76,42906.60,Pedido de compra,Totalmente facturado
205,6428-C-C/00013,11,6428,ADG32 6428 ABOUBAL SL,C-C/00013,2025-11-26,551345,2025-11-26,ROCALLA SA,4215.64,47122.24,Pedido de compra,Totalmente facturado
206,6428-C-C/00014,12,6428,ADG32 6428 ABOUBAL SL,C-C/00014,2025-11-26,551342,2025-11-26,ALUBIX SL,3988.16,51110.40,Pedido de compra,Totalmente facturado
207,6428-C-C/00015,13,6428,ADG32 6428 ABOUBAL SL,C-C/00015,2025-12-03,554308,2025-12-03,ALUBIX SL,3891.36,55001.76,Pedido de compra,Totalmente facturado
208,6428-C-C/00016,14,6428,ADG32 6428 ABOUBAL SL,C-C/00016,2025-12-03,554312,2025-12-03,ROCALLA SA,3978.48,58980.24,Pedido de compra,Totalmente facturado
209,6428-C-C/00017,15,6428,ADG32 6428 ABOUBAL SL,C-C/00017,2025-12-10,556977,2025-12-10,ALUBIX SL,3417.04,62397.28,Pedido de compra,Totalmente facturado
210,6428-C-C/00018,16,6428,ADG32 6428 ABOUBAL SL,C-C/00018,2025-12-10,556981,2025-12-10,ROCALLA SA,4164.82,66562.10,Pedido de compra,Totalmente facturado
211,6428-C-C/00019,17,6428,ADG32 6428 ABOUBAL SL,C-C/00019,2025-12-18,561157,2025-12-18,ALUBIX SL,3707.44,70269.54,Pedido de compra,Facturas en espera
212,6428-C-C/00020,18,6428,ADG32 6428 ABOUBAL SL,C-C/00020,2025-12-18,561158,2025-12-18,ROCALLA SA,3724.38,73993.92,Pedido de compra,Facturas en espera
213,6428-C-C/00021,19,6428,ADG32 6428 ABOUBAL SL,C-C/00021,2025-12-30,561714,2025-12-30,ALUBIX SL,164.56,74158.48,Pedido de compra,Facturas en espera
214,6428-C-C/00022,20,6428,ADG32 6428 ABOUBAL SL,C-C/00022,2025-12-30,561715,2025-12-30,ROCALLA SA,162.14,74320.62,Pedido de compra,Facturas en espera
215,6431-C-C/00001,1,6431,ADG32 6431 GZOUGGAGHI SL,C-C/00001,2025-10-17,535281,2025-10-17,ALUBIX SL,1287.44,1287.44,Pedido de compra,Totalmente facturado
216,6431-C-C/00002,2,6431,ADG32 6431 GZOUGGAGHI SL,C-C/00002,2025-10-17,535298,2025-10-17,ROCALLA SA,1345.52,2632.96,Pedido de compra,Totalmente facturado
217,6431-C-C/00003,3,6431,ADG32 6431 GZOUGGAGHI SL,C-C/00003,2025-10-22,537124,2025-10-22,ALUBIX SL,3165.36,5798.32,Pedido de compra,Totalmente facturado
218,6431-C-C/00004,4,6431,ADG32 6431 GZOUGGAGHI SL,C-C/00004,2025-10-22,537125,2025-10-22,ROCALLA SA,4019.62,9817.94,Pedido de compra,Totalmente facturado
219,6431-C-C/00005,5,6431,ADG32 6431 GZOUGGAGHI SL,C-C/00005,2025-10-29,540066,2025-10-29,ALUBIX SL,3472.70,13290.64,Pedido de compra,Totalmente facturado
220,6431-C-C/00006,6,6431,ADG32 6431 GZOUGGAGHI SL,C-C/00006,2025-10-29,540076,2025-10-29,ROCALLA SA,3726.80,17017.44,Pedido de compra,Totalmente facturado
221,6431-C-C/00007,7,6431,ADG32 6431 GZOUGGAGHI SL,C-C/00007,2025-11-05,542287,2025-11-05,ALUBIX SL,3661.46,20678.90,Pedido de compra,Totalmente facturado
222,6431-C-C/00008,8,6431,ADG32 6431 GZOUGGAGHI SL,C-C/00008,2025-11-05,542291,2025-11-05,ROCALLA SA,4048.66,24727.56,Pedido de compra,Totalmente facturado
223,6431-C-C/00009,9,6431,ADG32 6431 GZOUGGAGHI SL,C-C/00009,2025-11-12,545024,2025-11-12,ALUBIX SL,3552.56,28280.12,Pedido de compra,Totalmente facturado
224,6431-C-C/00010,10,6431,ADG32 6431 GZOUGGAGHI SL,C-C/00010,2025-11-12,545028,2025-11-12,ROCALLA SA,4135.78,32415.90,Pedido de compra,Totalmente facturado
225,6431-C-C/00011,11,6431,ADG32 6431 GZOUGGAGHI SL,C-C/00011,2025-11-19,547870,2025-11-19,ALUBIX SL,4034.14,36450.04,Pedido de compra,Totalmente facturado
226,6431-C-C/00012,12,6431,ADG32 6431 GZOUGGAGHI SL,C-C/00012,2025-11-19,547872,2025-11-19,ROCALLA SA,4075.28,40525.32,Pedido de compra,Totalmente facturado
227,6431-C-C/00013,13,6431,ADG32 6431 GZOUGGAGHI SL,C-C/00013,2025-11-26,551231,2025-11-26,ALUBIX SL,3467.86,43993.18,Pedido de compra,Totalmente facturado
228,6431-C-C/00014,14,6431,ADG32 6431 GZOUGGAGHI SL,C-C/00014,2025-11-26,551234,2025-11-26,ROCALLA SA,4285.82,48279.00,Pedido de compra,Totalmente facturado
229,6431-C-C/00015,15,6431,ADG32 6431 GZOUGGAGHI SL,C-C/00015,2025-12-03,554328,2025-12-03,ALUBIX SL,4164.82,52443.82,Pedido de compra,Totalmente facturado
230,6431-C-C/00016,16,6431,ADG32 6431 GZOUGGAGHI SL,C-C/00016,2025-12-03,554329,2025-12-03,ROCALLA SA,4456.43,56900.25,Pedido de compra,Totalmente facturado
231,6431-C-C/00017,17,6431,ADG32 6431 GZOUGGAGHI SL,C-C/00017,2025-12-10,556835,2025-12-10,ALUBIX SL,3930.08,60830.33,Pedido de compra,Totalmente facturado
232,6431-C-C/00018,18,6431,ADG32 6431 GZOUGGAGHI SL,C-C/00018,2025-12-10,556837,2025-12-10,ROCALLA SA,4622.20,65452.53,Pedido de compra,Totalmente facturado
233,6431-C-C/00019,19,6431,ADG32 6431 GZOUGGAGHI SL,C-C/00019,2025-12-17,560996,2025-12-17,ALUBIX SL,3598.54,69051.07,Pedido de compra,Totalmente facturado
234,6431-C-C/00020,20,6431,ADG32 6431 GZOUGGAGHI SL,C-C/00020,2025-12-17,560997,2025-12-17,ROCALLA SA,4277.35,73328.42,Pedido de compra,Totalmente facturado
235,6431-C-C/00021,21,6431,ADG32 6431 GZOUGGAGHI SL,C-C/00021,2025-12-29,561700,2025-12-29,ALUBIX SL,162.14,73490.56,Pedido de compra,Facturas en espera
236,6431-C-C/00022,22,6431,ADG32 6431 GZOUGGAGHI SL,C-C/00022,2025-12-29,561702,2025-12-29,ROCALLA SA,179.08,73669.64,Pedido de compra,Facturas en espera
237,6702-C-C/00001,1,6702,ADG32 6702 NFORNES SL,C-C/00001,2025-10-17,535310,2025-10-17,ROCALLA SA,878.46,878.46,Pedido de compra,Totalmente facturado
238,6702-C-C/00002,2,6702,ADG32 6702 NFORNES SL,C-C/00002,2025-10-17,535287,2025-10-17,ALUBIX SL,1280.18,2158.64,Pedido de compra,Totalmente facturado
239,6702-C-C/00003,3,6702,ADG32 6702 NFORNES SL,C-C/00003,2025-10-22,537161,2025-10-22,ALUBIX SL,4735.94,6894.58,Pedido de compra,Totalmente facturado
240,6702-C-C/00004,4,6702,ADG32 6702 NFORNES SL,C-C/00004,2025-10-22,537418,2025-10-22,ROCALLA SA,3204.08,10098.66,Pedido de compra,Totalmente facturado
241,6702-C-C/00005,5,6702,ADG32 6702 NFORNES SL,C-C/00005,2025-10-29,540090,2025-10-29,ROCALLA SA,3300.88,13399.54,Pedido de compra,Totalmente facturado
242,6702-C-C/00006,6,6702,ADG32 6702 NFORNES SL,C-C/00006,2025-10-29,540080,2025-10-29,ALUBIX SL,4460.06,17859.60,Pedido de compra,Totalmente facturado
243,6702-C-C/00007,7,6702,ADG32 6702 NFORNES SL,C-C/00007,2025-11-05,542328,2025-11-05,ROCALLA SA,3015.32,20874.92,Pedido de compra,Totalmente facturado
244,6702-C-C/00008,8,6702,ADG32 6702 NFORNES SL,C-C/00008,2025-11-05,542316,2025-11-05,ALUBIX SL,4256.78,25131.70,Pedido de compra,Totalmente facturado
245,6702-C-C/00009,9,6702,ADG32 6702 NFORNES SL,C-C/00009,2025-11-12,545005,2025-11-12,ROCALLA SA,3317.82,28449.52,Pedido de compra,Totalmente facturado
246,6702-C-C/00010,10,6702,ADG32 6702 NFORNES SL,C-C/00010,2025-11-12,545004,2025-11-12,ALUBIX SL,4455.22,32904.74,Pedido de compra,Totalmente facturado
247,6702-C-C/00011,11,6702,ADG32 6702 NFORNES SL,C-C/00011,2025-11-19,547939,2025-11-19,ALUBIX SL,4789.18,37693.92,Pedido de compra,Totalmente facturado
248,6702-C-C/00012,12,6702,ADG32 6702 NFORNES SL,C-C/00012,2025-11-19,547941,2025-11-19,ROCALLA SA,3373.48,41067.40,Pedido de compra,Totalmente facturado
249,6702-C-C/00017,13,6702,ADG32 6702 NFORNES SL,C-C/00017,2025-11-26,551277,2025-11-26,ALUBIX SL,4675.44,45742.84,Pedido de compra,Totalmente facturado
250,6702-C-C/00018,14,6702,ADG32 6702 NFORNES SL,C-C/00018,2025-11-26,551281,2025-11-26,ROCALLA SA,3150.84,48893.68,Pedido de compra,Totalmente facturado
251,6702-C-C/00019,15,6702,ADG32 6702 NFORNES SL,C-C/00019,2025-12-03,554370,2025-12-03,ALUBIX SL,4614.94,53508.62,Pedido de compra,Totalmente facturado
252,6702-C-C/00020,16,6702,ADG32 6702 NFORNES SL,C-C/00020,2025-12-03,554367,2025-12-03,ROCALLA SA,3358.96,56867.58,Pedido de compra,Totalmente facturado
253,6702-C-C/00021,17,6702,ADG32 6702 NFORNES SL,C-C/00021,2025-12-10,556810,2025-12-10,ALUBIX SL,5094.10,61961.68,Pedido de compra,Totalmente facturado
254,6702-C-C/00022,18,6702,ADG32 6702 NFORNES SL,C-C/00022,2025-12-10,556819,2025-12-10,ROCALLA SA,3228.28,65189.96,Pedido de compra,Totalmente facturado
255,6702-C-C/00023,19,6702,ADG32 6702 NFORNES SL,C-C/00023,2025-12-18,561110,2025-12-18,ALUBIX SL,4692.38,69882.34,Pedido de compra,Totalmente facturado
256,6702-C-C/00024,20,6702,ADG32 6702 NFORNES SL,C-C/00024,2025-12-18,561111,2025-12-18,ROCALLA SA,3267.00,73149.34,Pedido de compra,Totalmente facturado
257,6706-C-C/00001,1,6706,ADG32 6706 NSUIYHI SL,C-C/00001,2025-10-17,535302,2025-10-17,ROCALLA SA,1582.68,1582.68,Pedido de compra,Totalmente facturado
258,6706-C-C/00002,2,6706,ADG32 6706 NSUIYHI SL,C-C/00002,2025-10-17,535283,2025-10-17,ALUBIX SL,849.42,2432.10,Pedido de compra,Totalmente facturado
259,6706-C-C/00003,3,6706,ADG32 6706 NSUIYHI SL,C-C/00003,2025-10-22,537121,2025-10-22,ROCALLA SA,4464.90,6897.00,Pedido de compra,Totalmente facturado
260,6706-C-C/00004,4,6706,ADG32 6706 NSUIYHI SL,C-C/00004,2025-10-22,537118,2025-10-22,ALUBIX SL,3869.58,10766.58,Pedido de compra,Totalmente facturado
261,6706-C-C/00005,5,6706,ADG32 6706 NSUIYHI SL,C-C/00005,2025-10-29,540081,2025-10-29,ALUBIX SL,3862.32,14628.90,Pedido de compra,Totalmente facturado
262,6706-C-C/00006,6,6706,ADG32 6706 NSUIYHI SL,C-C/00006,2025-10-29,540084,2025-10-29,ROCALLA SA,4123.68,18752.58,Pedido de compra,Totalmente facturado
263,6706-C-C/00007,7,6706,ADG32 6706 NSUIYHI SL,C-C/00007,2025-11-05,542292,2025-11-05,ALUBIX SL,4486.68,23239.26,Pedido de compra,Totalmente facturado
264,6706-C-C/00008,8,6706,ADG32 6706 NSUIYHI SL,C-C/00008,2025-11-05,542296,2025-11-05,ROCALLA SA,3477.54,26716.80,Pedido de compra,Totalmente facturado
265,6706-C-C/00009,9,6706,ADG32 6706 NSUIYHI SL,C-C/00009,2025-11-12,545014,2025-11-12,ALUBIX SL,4094.64,30811.44,Pedido de compra,Totalmente facturado
266,6706-C-C/00010,10,6706,ADG32 6706 NSUIYHI SL,C-C/00010,2025-11-12,545010,2025-11-12,ROCALLA SA,4268.88,35080.32,Pedido de compra,Totalmente facturado
267,6706-C-C/00011,11,6706,ADG32 6706 NSUIYHI SL,C-C/00011,2025-11-19,547893,2025-11-19,ROCALLA SA,3659.04,38739.36,Pedido de compra,Totalmente facturado
268,6706-C-C/00012,12,6706,ADG32 6706 NSUIYHI SL,C-C/00012,2025-11-19,547890,2025-11-19,ALUBIX SL,4297.92,43037.28,Pedido de compra,Totalmente facturado
269,6706-C-C/00013,13,6706,ADG32 6706 NSUIYHI SL,C-C/00013,2025-11-26,551235,2025-11-26,ALUBIX SL,4646.40,47683.68,Pedido de compra,Totalmente facturado
270,6706-C-C/00014,14,6706,ADG32 6706 NSUIYHI SL,C-C/00014,2025-11-26,551237,2025-11-26,ROCALLA SA,4414.08,52097.76,Pedido de compra,Totalmente facturado
271,6706-C-C/00015,15,6706,ADG32 6706 NSUIYHI SL,C-C/00015,2025-12-03,554393,2025-12-03,ALUBIX SL,3731.64,55829.40,Pedido de compra,Totalmente facturado
272,6706-C-C/00016,16,6706,ADG32 6706 NSUIYHI SL,C-C/00016,2025-12-03,554394,2025-12-03,ROCALLA SA,4443.12,60272.52,Pedido de compra,Totalmente facturado
273,6706-C-C/00017,17,6706,ADG32 6706 NSUIYHI SL,C-C/00017,2025-12-10,556826,2025-12-10,ROCALLA SA,4014.78,64287.30,Pedido de compra,Totalmente facturado
274,6706-C-C/00018,18,6706,ADG32 6706 NSUIYHI SL,C-C/00018,2025-12-10,556824,2025-12-10,ALUBIX SL,3615.48,67902.78,Pedido de compra,Totalmente facturado
275,6706-C-C/00019,19,6706,ADG32 6706 NSUIYHI SL,C-C/00019,2025-12-18,561005,2025-12-18,ROCALLA SA,3346.86,71249.64,Pedido de compra,Totalmente facturado
276,6706-C-C/00020,20,6706,ADG32 6706 NSUIYHI SL,C-C/00020,2025-12-18,561004,2025-12-18,ALUBIX SL,3332.34,74581.98,Pedido de compra,Totalmente facturado
277,6706-C-C/00021,21,6706,ADG32 6706 NSUIYHI SL,C-C/00021,2025-12-18,561044,2025-12-18,ALUBIX SL,72.60,74654.58,Pedido de compra,Totalmente facturado
278,6707-C-C/00001,1,6707,ADG32 6707 MOUAZINE SL,C-C/00001,2025-10-17,535292,2025-10-17,ROCALLA SA,1408.44,1408.44,Pedido de compra,Totalmente facturado
279,6707-C-C/00002,2,6707,ADG32 6707 MOUAZINE SL,C-C/00002,2025-10-17,535286,2025-10-17,ALUBIX SL,1323.74,2732.18,Pedido de compra,Totalmente facturado
280,6707-C-C/00003,3,6707,ADG32 6707 MOUAZINE SL,C-C/00003,2025-10-22,537117,2025-10-22,ALUBIX SL,4293.08,7025.26,Pedido de compra,Totalmente facturado
281,6707-C-C/00004,4,6707,ADG32 6707 MOUAZINE SL,C-C/00004,2025-10-22,537120,2025-10-22,ROCALLA SA,4421.34,11446.60,Pedido de compra,Totalmente facturado
282,6707-C-C/00005,5,6707,ADG32 6707 MOUAZINE SL,C-C/00005,2025-10-29,540100,2025-10-29,ROCALLA SA,4145.46,15592.06,Pedido de compra,Totalmente facturado
283,6707-C-C/00006,6,6707,ADG32 6707 MOUAZINE SL,C-C/00006,2025-10-29,540095,2025-10-29,ALUBIX SL,4135.78,19727.84,Pedido de compra,Totalmente facturado
284,6707-C-C/00007,7,6707,ADG32 6707 MOUAZINE SL,C-C/00007,2025-11-05,542288,2025-11-05,ALUBIX SL,3947.02,23674.86,Pedido de compra,Totalmente facturado
285,6707-C-C/00008,8,6707,ADG32 6707 MOUAZINE SL,C-C/00008,2025-11-05,542298,2025-11-05,ROCALLA SA,4094.64,27769.50,Pedido de compra,Totalmente facturado
286,6707-C-C/00009,9,6707,ADG32 6707 MOUAZINE SL,C-C/00009,2025-11-14,546110,2025-11-13,ALUBIX SL,3821.18,31590.68,Pedido de compra,Totalmente facturado
287,6707-C-C/00010,10,6707,ADG32 6707 MOUAZINE SL,C-C/00010,2025-11-14,546111,2025-11-13,ROCALLA SA,3930.08,35520.76,Pedido de compra,Totalmente facturado
288,6707-C-C/00011,11,6707,ADG32 6707 MOUAZINE SL,C-C/00011,2025-11-19,547926,2025-11-19,ROCALLA SA,3888.94,39409.70,Pedido de compra,Totalmente facturado
289,6707-C-C/00012,12,6707,ADG32 6707 MOUAZINE SL,C-C/00012,2025-11-19,547927,2025-11-19,ALUBIX SL,3821.18,43230.88,Pedido de compra,Totalmente facturado
290,6707-C-C/00013,13,6707,ADG32 6707 MOUAZINE SL,C-C/00013,2025-11-26,551214,2025-11-26,ROCALLA SA,4038.98,47269.86,Pedido de compra,Totalmente facturado
291,6707-C-C/00014,14,6707,ADG32 6707 MOUAZINE SL,C-C/00014,2025-11-26,551207,2025-11-26,ALUBIX SL,4087.38,51357.24,Pedido de compra,Totalmente facturado
292,6707-C-C/00015,15,6707,ADG32 6707 MOUAZINE SL,C-C/00015,2025-12-03,554373,2025-12-03,ALUBIX SL,4026.88,55384.12,Pedido de compra,Totalmente facturado
293,6707-C-C/00016,16,6707,ADG32 6707 MOUAZINE SL,C-C/00016,2025-12-03,554319,2025-12-03,ROCALLA SA,4014.78,59398.90,Pedido de compra,Totalmente facturado
294,6707-C-C/00017,17,6707,ADG32 6707 MOUAZINE SL,C-C/00017,2025-12-10,556885,2025-12-10,ALUBIX SL,4290.66,63689.56,Pedido de compra,Totalmente facturado
295,6707-C-C/00018,18,6707,ADG32 6707 MOUAZINE SL,C-C/00018,2025-12-10,556887,2025-12-10,ROCALLA SA,3961.54,67651.10,Pedido de compra,Totalmente facturado
296,6707-C-C/00019,19,6707,ADG32 6707 MOUAZINE SL,C-C/00019,2025-12-18,561003,2025-12-18,ROCALLA SA,4433.44,72084.54,Pedido de compra,Totalmente facturado
297,6707-C-C/00020,20,6707,ADG32 6707 MOUAZINE SL,C-C/00020,2025-12-18,561003,2025-12-18,ALUBIX SL,4205.96,76290.50,Pedido de compra,Totalmente facturado
298,6734-C-C/00001,1,6734,ADG32 6734 LABOLAFIO SL,C-C/00001,2025-10-17,535311,2025-10-17,ROCALLA SA,1089.00,1089.00,Pedido de compra,Totalmente facturado
299,6734-C-C/00002,2,6734,ADG32 6734 LABOLAFIO SL,C-C/00002,2025-10-17,535289,2025-10-17,ALUBIX SL,1638.34,2727.34,Pedido de compra,Totalmente facturado
300,6734-C-C/00003,3,6734,ADG32 6734 LABOLAFIO SL,C-C/00003,2025-10-23,537776,2025-10-23,ALUBIX SL,4704.48,7431.82,Pedido de compra,Totalmente facturado
301,6734-C-C/00004,4,6734,ADG32 6734 LABOLAFIO SL,C-C/00004,2025-10-23,537778,2025-10-23,ROCALLA SA,3315.40,10747.22,Pedido de compra,Totalmente facturado
302,6734-C-C/00005,5,6734,ADG32 6734 LABOLAFIO SL,C-C/00005,2025-10-29,540135,2025-10-29,ALUBIX SL,4481.84,15229.06,Pedido de compra,Totalmente facturado
303,6734-C-C/00006,6,6734,ADG32 6734 LABOLAFIO SL,C-C/00006,2025-10-29,540136,2025-10-29,ROCALLA SA,3000.80,18229.86,Pedido de compra,Totalmente facturado
304,6734-C-C/00007,7,6734,ADG32 6734 LABOLAFIO SL,C-C/00007,2025-11-05,542340,2025-11-05,ALUBIX SL,5164.28,23394.14,Pedido de compra,Totalmente facturado
305,6734-C-C/00008,8,6734,ADG32 6734 LABOLAFIO SL,C-C/00008,2025-11-05,542341,2025-11-05,ROCALLA SA,3521.10,26915.24,Pedido de compra,Totalmente facturado
306,6734-C-C/00009,9,6734,ADG32 6734 LABOLAFIO SL,C-C/00009,2025-11-12,545007,2025-11-12,ALUBIX SL,4694.80,31610.04,Pedido de compra,Totalmente facturado
307,6734-C-C/00010,10,6734,ADG32 6734 LABOLAFIO SL,C-C/00010,2025-11-12,545011,2025-11-12,ROCALLA SA,3273.05,34883.09,Pedido de compra,Totalmente facturado
308,6734-C-C/00011,11,6734,ADG32 6734 LABOLAFIO SL,C-C/00011,2025-11-20,548618,2025-11-20,ALUBIX SL,5103.78,39986.87,Pedido de compra,Totalmente facturado
309,6734-C-C/00012,12,6734,ADG32 6734 LABOLAFIO SL,C-C/00012,2025-11-20,548619,2025-11-20,ROCALLA SA,3067.35,43054.22,Pedido de compra,Totalmente facturado
310,6734-C-C/00013,13,6734,ADG32 6734 LABOLAFIO SL,C-C/00013,2025-11-26,551239,2025-11-26,ALUBIX SL,5055.38,48109.60,Pedido de compra,Totalmente facturado
311,6734-C-C/00014,14,6734,ADG32 6734 LABOLAFIO SL,C-C/00014,2025-11-26,551242,2025-11-26,ROCALLA SA,3763.10,51872.70,Pedido de compra,Totalmente facturado
312,6734-C-C/00015,15,6734,ADG32 6734 LABOLAFIO SL,C-C/00015,2025-11-26,551322,2025-11-26,ALUBIX SL,522.72,52395.42,Pedido de compra,Totalmente facturado
313,6734-C-C/00016,16,6734,ADG32 6734 LABOLAFIO SL,C-C/00016,2025-12-03,554320,2025-12-03,ALUBIX SL,4549.60,56945.02,Pedido de compra,Totalmente facturado
314,6734-C-C/00017,17,6734,ADG32 6734 LABOLAFIO SL,C-C/00017,2025-12-03,554322,2025-12-03,ROCALLA SA,3557.40,60502.42,Pedido de compra,Totalmente facturado
315,6734-C-C/00018,18,6734,ADG32 6734 LABOLAFIO SL,C-C/00018,2025-12-10,556836,2025-12-10,ROCALLA SA,3267.00,63769.42,Pedido de compra,Totalmente facturado
316,6734-C-C/00019,19,6734,ADG32 6734 LABOLAFIO SL,C-C/00019,2025-12-10,556830,2025-12-10,ALUBIX SL,5052.96,68822.38,Pedido de compra,Totalmente facturado
317,6734-C-C/00020,20,6734,ADG32 6734 LABOLAFIO SL,C-C/00020,2025-12-17,560857,2025-12-17,ALUBIX SL,4510.88,73333.26,Pedido de compra,Totalmente facturado
318,6734-C-C/00021,21,6734,ADG32 6734 LABOLAFIO SL,C-C/00021,2025-12-17,560858,2025-12-17,ROCALLA SA,3236.75,76570.01,Pedido de compra,Totalmente facturado
319,6746-C-C/00001,1,6746,ADG32 6746 ELLADO SL,C-C/00001,2025-10-17,535301,2025-10-17,ROCALLA SA,1422.96,1422.96,Pedido de compra,Totalmente facturado
320,6746-C-C/00002,2,6746,ADG32 6746 ELLADO SL,C-C/00002,2025-10-17,535290,2025-10-17,ALUBIX SL,1074.48,2497.44,Pedido de compra,Totalmente facturado
321,6746-C-C/00003,3,6746,ADG32 6746 ELLADO SL,C-C/00003,2025-10-22,537079,2025-10-22,ROCALLA SA,4639.14,7136.58,Pedido de compra,Totalmente facturado
322,6746-C-C/00004,4,6746,ADG32 6746 ELLADO SL,C-C/00004,2025-10-22,537076,2025-10-22,ALUBIX SL,3765.52,10902.10,Pedido de compra,Totalmente facturado
323,6746-C-C/00006,5,6746,ADG32 6746 ELLADO SL,C-C/00006,2025-10-29,540062,2025-10-29,ROCALLA SA,4711.74,15613.84,Pedido de compra,Totalmente facturado
324,6746-C-C/00007,6,6746,ADG32 6746 ELLADO SL,C-C/00007,2025-10-29,540063,2025-10-29,ALUBIX SL,3494.48,19108.32,Pedido de compra,Totalmente facturado
325,6746-C-C/00008,7,6746,ADG32 6746 ELLADO SL,C-C/00008,2025-11-05,542289,2025-11-05,ROCALLA SA,4227.74,23336.06,Pedido de compra,Totalmente facturado
326,6746-C-C/00009,8,6746,ADG32 6746 ELLADO SL,C-C/00009,2025-11-05,542286,2025-11-05,ALUBIX SL,3627.58,26963.64,Pedido de compra,Totalmente facturado
327,6746-C-C/00010,9,6746,ADG32 6746 ELLADO SL,C-C/00010,2025-11-12,544970,2025-11-12,ROCALLA SA,4480.63,31444.27,Pedido de compra,Totalmente facturado
328,6746-C-C/00011,10,6746,ADG32 6746 ELLADO SL,C-C/00011,2025-11-12,544968,2025-11-12,ALUBIX SL,3588.86,35033.13,Pedido de compra,Totalmente facturado
329,6746-C-C/00012,11,6746,ADG32 6746 ELLADO SL,C-C/00012,2025-11-19,547907,2025-11-19,ALUBIX SL,3119.38,38152.51,Pedido de compra,Totalmente facturado
330,6746-C-C/00013,12,6746,ADG32 6746 ELLADO SL,C-C/00013,2025-11-19,547908,2025-11-19,ROCALLA SA,4341.48,42493.99,Pedido de compra,Totalmente facturado
331,6746-C-C/00014,13,6746,ADG32 6746 ELLADO SL,C-C/00014,2025-11-26,551258,2025-11-26,ALUBIX SL,3075.82,45569.81,Pedido de compra,Totalmente facturado
332,6746-C-C/00015,14,6746,ADG32 6746 ELLADO SL,C-C/00015,2025-11-26,551255,2025-11-26,ROCALLA SA,4254.36,49824.17,Pedido de compra,Totalmente facturado
333,6746-C-C/00016,15,6746,ADG32 6746 ELLADO SL,C-C/00016,2025-11-26,551297,2025-11-26,ALUBIX SL,36.30,49860.47,Pedido de compra,Totalmente facturado
334,6746-C-C/00017,16,6746,ADG32 6746 ELLADO SL,C-C/00017,2025-12-03,554298,2025-12-03,ROCALLA SA,4464.90,54325.37,Pedido de compra,Totalmente facturado
335,6746-C-C/00018,17,6746,ADG32 6746 ELLADO SL,C-C/00018,2025-12-03,554296,2025-12-03,ALUBIX SL,3569.50,57894.87,Pedido de compra,Totalmente facturado
336,6746-C-C/00019,18,6746,ADG32 6746 ELLADO SL,C-C/00019,2025-12-10,556829,2025-12-10,ALUBIX SL,4157.56,62052.43,Pedido de compra,Totalmente facturado
337,6746-C-C/00020,19,6746,ADG32 6746 ELLADO SL,C-C/00020,2025-12-10,556832,2025-12-10,ROCALLA SA,4798.86,66851.29,Pedido de compra,Totalmente facturado
338,6746-C-C/00021,20,6746,ADG32 6746 ELLADO SL,C-C/00021,2025-12-18,560801,2025-12-17,ALUBIX SL,3617.90,70469.19,Pedido de compra,Totalmente facturado
339,6746-C-C/00022,21,6746,ADG32 6746 ELLADO SL,C-C/00022,2025-12-18,560800,2025-12-17,ROCALLA SA,5154.60,75623.79,Pedido de compra,Totalmente facturado
340,6777-C-C/00001,1,6777,ADG32 6777 JGARCIA SL,C-C/00001,2025-10-17,535305,2025-10-17,ROCALLA SA,1577.84,1577.84,Pedido de compra,Totalmente facturado
341,6777-C-C/00002,2,6777,ADG32 6777 JGARCIA SL,C-C/00002,2025-10-17,535277,2025-10-17,ALUBIX SL,1476.20,3054.04,Pedido de compra,Totalmente facturado
342,6777-C-C/00003,3,6777,ADG32 6777 JGARCIA SL,C-C/00003,2025-10-22,537194,2025-10-22,ALUBIX SL,4036.56,7090.60,Pedido de compra,Totalmente facturado
343,6777-C-C/00004,4,6777,ADG32 6777 JGARCIA SL,C-C/00004,2025-10-22,537198,2025-10-22,ROCALLA SA,3869.58,10960.18,Pedido de compra,Totalmente facturado
344,6777-C-C/00005,5,6777,ADG32 6777 JGARCIA SL,C-C/00005,2025-10-29,540075,2025-10-29,ALUBIX SL,3976.06,14936.24,Pedido de compra,Totalmente facturado
345,6777-C-C/00006,6,6777,ADG32 6777 JGARCIA SL,C-C/00006,2025-10-29,540085,2025-10-29,ROCALLA SA,4385.04,19321.28,Pedido de compra,Totalmente facturado
346,6777-C-C/00007,7,6777,ADG32 6777 JGARCIA SL,C-C/00007,2025-11-05,542314,2025-11-05,ROCALLA SA,4031.72,23353.00,Pedido de compra,Totalmente facturado
347,6777-C-C/00008,8,6777,ADG32 6777 JGARCIA SL,C-C/00008,2025-11-05,542309,2025-11-05,ALUBIX SL,3492.06,26845.06,Pedido de compra,Totalmente facturado
348,6777-C-C/00009,9,6777,ADG32 6777 JGARCIA SL,C-C/00009,2025-11-12,544969,2025-11-12,ALUBIX SL,4097.06,30942.12,Pedido de compra,Totalmente facturado
349,6777-C-C/00010,10,6777,ADG32 6777 JGARCIA SL,C-C/00010,2025-11-12,544971,2025-11-12,ROCALLA SA,3901.04,34843.16,Pedido de compra,Totalmente facturado
350,6777-C-C/00011,11,6777,ADG32 6777 JGARCIA SL,C-C/00011,2025-11-19,547910,2025-11-19,ALUBIX SL,4266.46,39109.62,Pedido de compra,Totalmente facturado
351,6777-C-C/00012,12,6777,ADG32 6777 JGARCIA SL,C-C/00012,2025-11-19,547913,2025-11-19,ROCALLA SA,4259.20,43368.82,Pedido de compra,Totalmente facturado
352,6777-C-C/00013,13,6777,ADG32 6777 JGARCIA SL,C-C/00013,2025-11-26,551269,2025-11-26,ALUBIX SL,3939.76,47308.58,Pedido de compra,Totalmente facturado
353,6777-C-C/00014,14,6777,ADG32 6777 JGARCIA SL,C-C/00014,2025-11-26,551274,2025-11-26,ROCALLA SA,4293.08,51601.66,Pedido de compra,Totalmente facturado
354,6777-C-C/00015,15,6777,ADG32 6777 JGARCIA SL,C-C/00015,2025-12-03,554279,2025-12-03,ALUBIX SL,3782.46,55384.12,Pedido de compra,Totalmente facturado
355,6777-C-C/00016,16,6777,ADG32 6777 JGARCIA SL,C-C/00016,2025-12-03,554284,2025-12-03,ROCALLA SA,3639.68,59023.80,Pedido de compra,Totalmente facturado
356,6777-C-C/00017,17,6777,ADG32 6777 JGARCIA SL,C-C/00017,2025-12-10,556840,2025-12-10,ALUBIX SL,3927.66,62951.46,Pedido de compra,Totalmente facturado
357,6777-C-C/00018,18,6777,ADG32 6777 JGARCIA SL,C-C/00018,2025-12-10,556842,2025-12-10,ROCALLA SA,3736.48,66687.94,Pedido de compra,Totalmente facturado
358,6777-C-C/00019,19,6777,ADG32 6777 JGARCIA SL,C-C/00019,2025-12-18,561008,2025-12-18,ALUBIX SL,2991.12,69679.06,Pedido de compra,Totalmente facturado
359,6777-C-C/00020,20,6777,ADG32 6777 JGARCIA SL,C-C/00020,2025-12-18,561010,2025-12-18,ROCALLA SA,4256.78,73935.84,Pedido de compra,Totalmente facturado
360,6777-C-C/00021,21,6777,ADG32 6777 JGARCIA SL,C-C/00021,2025-12-19,561428,2025-12-19,ALUBIX SL,992.20,74928.04,Pedido de compra,Facturas en espera
361,6777-C-C/00022,22,6777,ADG32 6777 JGARCIA SL,C-C/00022,2025-12-19,561429,2025-12-19,ROCALLA SA,1602.04,76530.08,Pedido de compra,Facturas en espera
362,6844-C-C/00001,1,6844,ADG32 6844 TTRAMULLAS SL,C-C/00001,2025-10-17,535279,2025-10-17,ALUBIX SL,1488.30,1488.30,Pedido de compra,Totalmente facturado
363,6844-C-C/00002,2,6844,ADG32 6844 TTRAMULLAS SL,C-C/00002,2025-10-17,535297,2025-10-17,ROCALLA SA,1205.16,2693.46,Pedido de compra,Totalmente facturado
364,6844-C-C/00003,3,6844,ADG32 6844 TTRAMULLAS SL,C-C/00003,2025-10-22,537107,2025-10-22,ALUBIX SL,6824.40,9517.86,Pedido de compra,Totalmente facturado
365,6844-C-C/00004,4,6844,ADG32 6844 TTRAMULLAS SL,C-C/00004,2025-10-22,537110,2025-10-22,ROCALLA SA,3550.14,13068.00,Pedido de compra,Totalmente facturado
366,6844-C-C/00005,5,6844,ADG32 6844 TTRAMULLAS SL,C-C/00005,2025-10-29,540068,2025-10-29,ALUBIX SL,2432.10,15500.10,Pedido de compra,Totalmente facturado
367,6844-C-C/00006,6,6844,ADG32 6844 TTRAMULLAS SL,C-C/00006,2025-10-29,540071,2025-10-29,ROCALLA SA,3315.40,18815.50,Pedido de compra,Totalmente facturado
368,6844-C-C/00007,7,6844,ADG32 6844 TTRAMULLAS SL,C-C/00007,2025-11-05,542295,2025-11-05,ROCALLA SA,3396.47,22211.97,Pedido de compra,Totalmente facturado
369,6844-C-C/00008,8,6844,ADG32 6844 TTRAMULLAS SL,C-C/00008,2025-11-05,542294,2025-11-05,ALUBIX SL,4731.10,26943.07,Pedido de compra,Totalmente facturado
370,6844-C-C/00009,9,6844,ADG32 6844 TTRAMULLAS SL,C-C/00009,2025-11-12,545009,2025-11-12,ALUBIX SL,4634.30,31577.37,Pedido de compra,Totalmente facturado
371,6844-C-C/00010,10,6844,ADG32 6844 TTRAMULLAS SL,C-C/00010,2025-11-12,545013,2025-11-12,ROCALLA SA,3512.63,35090.00,Pedido de compra,Totalmente facturado
372,6844-C-C/00011,11,6844,ADG32 6844 TTRAMULLAS SL,C-C/00011,2025-11-19,547930,2025-11-19,ALUBIX SL,4900.50,39990.50,Pedido de compra,Totalmente facturado
373,6844-C-C/00012,12,6844,ADG32 6844 TTRAMULLAS SL,C-C/00012,2025-11-19,547932,2025-11-19,ROCALLA SA,4014.78,44005.28,Pedido de compra,Totalmente facturado
374,6844-C-C/00013,13,6844,ADG32 6844 TTRAMULLAS SL,C-C/00013,2025-11-26,551230,2025-11-26,ALUBIX SL,3847.80,47853.08,Pedido de compra,Totalmente facturado
375,6844-C-C/00014,14,6844,ADG32 6844 TTRAMULLAS SL,C-C/00014,2025-11-26,551233,2025-11-26,ROCALLA SA,2965.71,50818.79,Pedido de compra,Totalmente facturado
376,6844-C-C/00015,15,6844,ADG32 6844 TTRAMULLAS SL,C-C/00015,2025-12-05,555605,2025-12-05,ALUBIX SL,5336.10,56154.89,Pedido de compra,Totalmente facturado
377,6844-C-C/00016,16,6844,ADG32 6844 TTRAMULLAS SL,C-C/00016,2025-12-05,555606,2025-12-05,ROCALLA SA,3587.65,59742.54,Pedido de compra,Totalmente facturado
378,6844-C-C/00017,17,6844,ADG32 6844 TTRAMULLAS SL,C-C/00017,2025-12-10,556831,2025-12-10,ALUBIX SL,4876.30,64618.84,Pedido de compra,Totalmente facturado
379,6844-C-C/00018,18,6844,ADG32 6844 TTRAMULLAS SL,C-C/00018,2025-12-10,556833,2025-12-10,ROCALLA SA,3421.88,68040.72,Pedido de compra,Totalmente facturado
380,6844-C-C/00019,19,6844,ADG32 6844 TTRAMULLAS SL,C-C/00019,2025-12-19,561458,2025-12-19,ALUBIX SL,5832.20,73872.92,Pedido de compra,Facturas en espera
381,6844-C-C/00020,20,6844,ADG32 6844 TTRAMULLAS SL,C-C/00020,2025-12-19,561461,2025-12-19,ROCALLA SA,2971.76,76844.68,Pedido de compra,Facturas en espera