Num. Comanda compra,Data entrega tasca,Fra. compra disponible en data entrega,Fra. compra registrada en ODOO,Real Empresa,Alumn@ Empresa,Empreses ==,Real Proveïdor,Alumn@ Proveïdor,Proveïdors ==,Real Data emisió,Alumn@ Data emisió,Dates emisió ==,Real Num. Factura,Alumn@ Num. Factura,Num. Factura ==,Real Import,Alumn@ Import,Import ==
535275,2025-12-18,SI - ✅,SI - ✅,ADG32 5796 NSACARES SL,ADG32 5796 NSACARES SL,✅,ALUBIX SL,ALUBIX SL,✅,2025-10-17,2025-10-17,✅,2025/00001,2025/00001,✅,1130.14,1130.14,✅
535296,2025-12-18,SI - ✅,SI - ✅,ADG32 5796 NSACARES SL,ADG32 5796 NSACARES SL,✅,ROCALLA SA,ROCALLA SA,✅,2025-10-17,2025-10-17,✅,2025/00002,2025/00002,✅,1314.06,1314.06,✅
537495,2025-12-18,SI - ✅,SI - ✅,ADG32 5796 NSACARES SL,ADG32 5796 NSACARES SL,✅,ALUBIX SL,ALUBIX SL,✅,2025-10-22,2025-10-22,✅,2025/00005,2025/00005,✅,3714.7,3714.7,✅
537501,2025-12-18,SI - ✅,SI - ✅,ADG32 5796 NSACARES SL,ADG32 5796 NSACARES SL,✅,ROCALLA SA,ROCALLA SA,✅,2025-10-22,2025-10-22,✅,2025/00005,2025/00005,✅,4319.7,4319.7,✅
540082,2025-12-18,SI - ✅,SI - ✅,ADG32 5796 NSACARES SL,ADG32 5796 NSACARES SL,✅,ALUBIX SL,ALUBIX SL,✅,2025-10-29,2025-10-29,✅,2025/00006,2025/00006,✅,3780.04,3780.04,✅
540087,2025-12-18,SI - ✅,SI - ✅,ADG32 5796 NSACARES SL,ADG32 5796 NSACARES SL,✅,ROCALLA SA,ROCALLA SA,✅,2025-10-29,2025-10-29,✅,2025/00010,2025/00010,✅,4126.1,4126.1,✅
542282,2025-12-18,SI - ✅,SI - ✅,ADG32 5796 NSACARES SL,ADG32 5796 NSACARES SL,✅,ALUBIX SL,ALUBIX SL,✅,2025-11-05,2025-11-05,✅,2025/00008,2025/00008,✅,3523.52,3523.52,✅
542284,2025-12-18,SI - ✅,SI - ✅,ADG32 5796 NSACARES SL,ADG32 5796 NSACARES SL,✅,ROCALLA SA,ROCALLA SA,✅,2025-11-05,2025-11-05,✅,2025/00013,2025/00013,✅,4467.32,4467.32,✅
544978,2025-12-18,SI - ✅,SI - ✅,ADG32 5796 NSACARES SL,ADG32 5796 NSACARES SL,✅,ALUBIX SL,ALUBIX SL,✅,2025-11-12,2025-11-12,✅,2025/00013,2025/00013,✅,4038.98,4038.98,✅
544979,2025-12-18,SI - ✅,SI - ✅,ADG32 5796 NSACARES SL,ADG32 5796 NSACARES SL,✅,ROCALLA SA,ROCALLA SA,✅,2025-11-12,2025-11-12,✅,2025/00017,2025/00017,✅,4481.84,4481.84,✅
547874,2025-12-18,SI - ✅,SI - ✅,ADG32 5796 NSACARES SL,ADG32 5796 NSACARES SL,✅,ALUBIX SL,ALUBIX SL,✅,2025-11-19,2025-11-19,✅,2025/00017,2025/00017,✅,3518.68,3518.68,✅
547875,2025-12-18,SI - ✅,SI - ✅,ADG32 5796 NSACARES SL,ADG32 5796 NSACARES SL,✅,ROCALLA SA,ROCALLA SA,✅,2025-11-19,2025-11-19,✅,2025/00018,2025/00018,✅,3574.34,3574.34,✅
551183,2025-12-18,SI - ✅,SI - ✅,ADG32 5796 NSACARES SL,ADG32 5796 NSACARES SL,✅,ALUBIX SL,ALUBIX SL,✅,2025-11-26,2025-11-26,✅,2025/00021,2025/00021,✅,3695.34,3695.34,✅
551187,2025-12-18,SI - ✅,SI - ✅,ADG32 5796 NSACARES SL,ADG32 5796 NSACARES SL,✅,ROCALLA SA,ROCALLA SA,✅,2025-11-26,2025-11-26,✅,2025/00022,2025/00022,✅,3947.02,3947.02,✅
554187,2025-12-18,SI - ✅,SI - ✅,ADG32 5796 NSACARES SL,ADG32 5796 NSACARES SL,✅,ALUBIX SL,ALUBIX SL,✅,2025-12-03,2025-12-03,✅,2025/00024,2025/00024,✅,3605.8,3605.8,✅
554188,2025-12-18,SI - ✅,SI - ✅,ADG32 5796 NSACARES SL,ADG32 5796 NSACARES SL,✅,ROCALLA SA,ROCALLA SA,✅,2025-12-03,2025-12-03,✅,2025/00027,2025/00027,✅,4157.56,4157.56,✅
556692,2025-12-18,SI - ✅,SI - ✅,ADG32 5796 NSACARES SL,ADG32 5796 NSACARES SL,✅,ALUBIX SL,ALUBIX SL,✅,2025-12-10,2025-12-10,✅,2025/00028,2025/00028,✅,3780.04,3780.04,✅
556693,2025-12-18,SI - ✅,SI - ✅,ADG32 5796 NSACARES SL,ADG32 5796 NSACARES SL,✅,ROCALLA SA,ROCALLA SA,✅,2025-12-10,2025-12-10,✅,2025/00032,2025/00032,✅,4414.08,4414.08,✅
560877,2025-12-18,SI - ✅,SI - ✅,ADG32 5796 NSACARES SL,ADG32 5796 NSACARES SL,✅,ALUBIX SL,ALUBIX SL,✅,2025-12-17,2025-12-17,✅,2025/00032,2025/00032,✅,3927.66,3927.66,✅
560878,2025-12-18,SI - ✅,SI - ✅,ADG32 5796 NSACARES SL,ADG32 5796 NSACARES SL,✅,ROCALLA SA,ROCALLA SA,✅,2025-12-17,2025-12-17,✅,2025/00037,2025/00037,✅,4307.6,4307.6,✅
535282,2025-12-19,SI - ✅,SI - ✅,ADG32 6265 SMORENO SL,ADG32 6265 SMORENO SL,✅,ALUBIX SL,ALUBIX SL,✅,2025-10-17,2025-10-17,✅,2025/00003,2025/00003,✅,1274.13,1274.13,✅
535304,2025-12-19,SI - ✅,SI - ✅,ADG32 6265 SMORENO SL,ADG32 6265 SMORENO SL,✅,ROCALLA SA,ROCALLA SA,✅,2025-10-17,2025-10-17,✅,2025/00004,2025/00004,✅,1231.78,1231.78,✅
537485,2025-12-19,SI - ✅,SI - ✅,ADG32 6265 SMORENO SL,ADG32 6265 SMORENO SL,✅,ALUBIX SL,ALUBIX SL,✅,2025-10-22,2025-10-22,✅,2025/00008,2025/00008,✅,3816.34,3816.34,✅
537489,2025-12-19,SI - ✅,SI - ✅,ADG32 6265 SMORENO SL,ADG32 6265 SMORENO SL,✅,ROCALLA SA,ROCALLA SA,✅,2025-10-22,2025-10-22,✅,2025/00005,2025/00005,✅,4205.96,4205.96,✅
540079,2025-12-19,SI - ✅,SI - ✅,ADG32 6265 SMORENO SL,ADG32 6265 SMORENO SL,✅,ALUBIX SL,ALUBIX SL,✅,2025-10-29,2025-10-29,✅,2025/00009,2025/00009,✅,3764.31,3764.31,✅
540091,2025-12-19,SI - ✅,SI - ✅,ADG32 6265 SMORENO SL,ADG32 6265 SMORENO SL,✅,ROCALLA SA,ROCALLA SA,✅,2025-10-29,2025-10-29,✅,2025/00009,2025/00009,✅,3963.96,3963.96,✅
542308,2025-12-19,SI - ✅,SI - ✅,ADG32 6265 SMORENO SL,ADG32 6265 SMORENO SL,✅,ALUBIX SL,ALUBIX SL,✅,2025-11-05,2025-11-05,✅,2025/00014,2025/00014,✅,4164.82,4164.82,✅
542324,2025-12-19,SI - ✅,SI - ✅,ADG32 6265 SMORENO SL,ADG32 6265 SMORENO SL,✅,ROCALLA SA,ROCALLA SA,✅,2025-11-05,2025-11-05,✅,2025/00010,2025/00010,✅,4641.56,4641.56,✅
544980,2025-12-19,SI - ✅,SI - ✅,ADG32 6265 SMORENO SL,ADG32 6265 SMORENO SL,✅,ALUBIX SL,ALUBIX SL,✅,2025-11-12,2025-11-12,✅,2025/00015,2025/00015,✅,3760.68,3760.68,✅
544983,2025-12-19,SI - ✅,SI - ✅,ADG32 6265 SMORENO SL,ADG32 6265 SMORENO SL,✅,ROCALLA SA,ROCALLA SA,✅,2025-11-12,2025-11-12,✅,2025/00013,2025/00013,✅,3886.52,3886.52,✅
547940,2025-12-19,SI - ✅,SI - ✅,ADG32 6265 SMORENO SL,ADG32 6265 SMORENO SL,✅,ALUBIX SL,ALUBIX SL,✅,2025-11-19,2025-11-19,✅,2025/00018,2025/00018,✅,4780.71,4780.71,✅
547942,2025-12-19,SI - ✅,SI - ✅,ADG32 6265 SMORENO SL,ADG32 6265 SMORENO SL,✅,ROCALLA SA,ROCALLA SA,✅,2025-11-19,2025-11-19,✅,2025/00017,2025/00017,✅,3644.52,3644.52,✅
551286,2025-12-19,SI - ✅,SI - ✅,ADG32 6265 SMORENO SL,ADG32 6265 SMORENO SL,✅,ALUBIX SL,ALUBIX SL,✅,2025-11-26,2025-11-26,✅,2025/00020,2025/00020,✅,5021.5,5021.5,✅
551295,2025-12-19,SI - ✅,SI - ✅,ADG32 6265 SMORENO SL,ADG32 6265 SMORENO SL,✅,ROCALLA SA,ROCALLA SA,✅,2025-11-26,2025-11-26,✅,2025/00022,2025/00022,✅,3455.76,3455.76,✅
554294,2025-12-19,SI - ✅,SI - ✅,ADG32 6265 SMORENO SL,ADG32 6265 SMORENO SL,✅,ALUBIX SL,ALUBIX SL,✅,2025-12-03,2025-12-03,✅,2025/00022,2025/00022,✅,5042.07,5042.07,✅
554301,2025-12-19,SI - ✅,SI - ✅,ADG32 6265 SMORENO SL,ADG32 6265 SMORENO SL,✅,ROCALLA SA,ROCALLA SA,✅,2025-12-03,2025-12-03,✅,2025/00024,2025/00024,✅,3463.02,3463.02,✅
556846,2025-12-19,SI - ✅,SI - ✅,ADG32 6265 SMORENO SL,ADG32 6265 SMORENO SL,✅,ALUBIX SL,ALUBIX SL,✅,2025-12-10,2025-12-10,✅,2025/00023,2025/00023,✅,3903.46,3903.46,✅
556853,2025-12-19,SI - ✅,SI - ✅,ADG32 6265 SMORENO SL,ADG32 6265 SMORENO SL,✅,ROCALLA SA,ROCALLA SA,✅,2025-12-10,2025-12-10,✅,2025/00028,2025/00028,✅,3840.54,3840.54,✅
561013,2025-12-19,SI - ✅,SI - ✅,ADG32 6265 SMORENO SL,ADG32 6265 SMORENO SL,✅,ALUBIX SL,ALUBIX SL,✅,2025-12-18,2025-12-18,✅,2025/00028,2025/00028,✅,3898.62,3898.62,✅
561014,2025-12-19,SI - ✅,SI - ✅,ADG32 6265 SMORENO SL,ADG32 6265 SMORENO SL,✅,ROCALLA SA,ROCALLA SA,✅,2025-12-18,2025-12-18,✅,2025/00033,2025/00033,✅,3153.26,3153.26,✅
536437,2025-12-30,SI - ✅,SI - ✅,ADG32 6320 MNAVARRO SL,ADG32 6320 MNAVARRO SL,✅,ROCALLA SA,ROCALLA SA,✅,2025-10-20,2025-10-20,✅,2025/00001,2025/00001,✅,1173.7,1173.7,✅
536438,2025-12-30,SI - ✅,SI - ✅,ADG32 6320 MNAVARRO SL,ADG32 6320 MNAVARRO SL,✅,ALUBIX SL,ALUBIX SL,✅,2025-10-20,2025-10-20,✅,2025/00003,2025/00003,✅,1193.06,1193.06,✅
537484,2025-12-30,SI - ✅,SI - ✅,ADG32 6320 MNAVARRO SL,ADG32 6320 MNAVARRO SL,✅,ALUBIX SL,ALUBIX SL,✅,2025-10-22,2025-10-22,✅,2025/00005,2025/00005,✅,3494.48,3494.48,✅
537486,2025-12-30,SI - ✅,SI - ✅,ADG32 6320 MNAVARRO SL,ADG32 6320 MNAVARRO SL,✅,ROCALLA SA,ROCALLA SA,✅,2025-10-22,2025-10-22,✅,2025/00003,2025/00003,✅,3506.58,3506.58,✅
540056,2025-12-30,SI - ✅,SI - ✅,ADG32 6320 MNAVARRO SL,ADG32 6320 MNAVARRO SL,✅,ALUBIX SL,ALUBIX SL,✅,2025-10-29,2025-10-29,✅,2025/00009,2025/00009,✅,4418.92,4418.92,✅
540057,2025-12-30,SI - ✅,SI - ✅,ADG32 6320 MNAVARRO SL,ADG32 6320 MNAVARRO SL,✅,ROCALLA SA,ROCALLA SA,✅,2025-10-29,2025-10-29,✅,2025/00004,2025/00004,✅,4498.78,4498.78,✅
542290,2025-12-30,SI - ✅,SI - ✅,ADG32 6320 MNAVARRO SL,ADG32 6320 MNAVARRO SL,✅,ALUBIX SL,ALUBIX SL,✅,2025-11-05,2025-11-05,✅,2025/00013,2025/00013,✅,3988.16,3988.16,✅
542293,2025-12-30,SI - ✅,SI - ✅,ADG32 6320 MNAVARRO SL,ADG32 6320 MNAVARRO SL,✅,ROCALLA SA,ROCALLA SA,✅,2025-11-05,2025-11-05,✅,2025/00007,2025/00007,✅,3954.28,3954.28,✅
544975,2025-12-30,SI - ✅,SI - ✅,ADG32 6320 MNAVARRO SL,ADG32 6320 MNAVARRO SL,✅,ALUBIX SL,ALUBIX SL,✅,2025-11-12,2025-11-12,✅,2025/00016,2025/00016,✅,3988.16,3988.16,✅
544981,2025-12-30,SI - ✅,SI - ✅,ADG32 6320 MNAVARRO SL,ADG32 6320 MNAVARRO SL,✅,ROCALLA SA,ROCALLA SA,✅,2025-11-12,2025-11-12,✅,2025/00009,2025/00009,✅,3809.08,3809.08,✅
549047,2025-12-30,SI - ✅,SI - ✅,ADG32 6320 MNAVARRO SL,ADG32 6320 MNAVARRO SL,✅,ALUBIX SL,ALUBIX SL,✅,2025-11-20,2025-11-20,✅,2025/00017,2025/00017,✅,4539.92,4539.92,✅
549048,2025-12-30,SI - ✅,SI - ✅,ADG32 6320 MNAVARRO SL,ADG32 6320 MNAVARRO SL,✅,ROCALLA SA,ROCALLA SA,✅,2025-11-20,2025-11-20,✅,2025/00012,2025/00012,✅,4014.78,4014.78,✅
551254,2025-12-30,SI - ✅,SI - ✅,ADG32 6320 MNAVARRO SL,ADG32 6320 MNAVARRO SL,✅,ALUBIX SL,ALUBIX SL,✅,2025-11-26,2025-11-26,✅,2025/00021,2025/00021,✅,4653.66,4653.66,✅
551267,2025-12-30,SI - ✅,SI - ✅,ADG32 6320 MNAVARRO SL,ADG32 6320 MNAVARRO SL,✅,ROCALLA SA,ROCALLA SA,✅,2025-11-26,2025-11-26,✅,2025/00015,2025/00015,✅,4602.84,4602.84,✅
554277,2025-12-30,SI - ✅,SI - ✅,ADG32 6320 MNAVARRO SL,ADG32 6320 MNAVARRO SL,✅,ALUBIX SL,ALUBIX SL,✅,2025-12-03,2025-12-03,✅,2025/00023,2025/00023,✅,4087.38,4087.38,✅
554290,2025-12-30,SI - ✅,SI - ✅,ADG32 6320 MNAVARRO SL,ADG32 6320 MNAVARRO SL,✅,ROCALLA SA,ROCALLA SA,✅,2025-12-03,2025-12-03,✅,2025/00016,2025/00016,✅,4232.58,4232.58,✅
556839,2025-12-30,SI - ✅,SI - ✅,ADG32 6320 MNAVARRO SL,ADG32 6320 MNAVARRO SL,✅,ALUBIX SL,ALUBIX SL,✅,2025-12-10,2025-12-10,✅,2025/00024,2025/00024,✅,4334.22,4334.22,✅
556843,2025-12-30,SI - ✅,SI - ✅,ADG32 6320 MNAVARRO SL,ADG32 6320 MNAVARRO SL,✅,ROCALLA SA,ROCALLA SA,✅,2025-12-10,2025-12-10,✅,2025/00017,2025/00017,✅,4365.68,4365.68,✅
561001,2025-12-30,SI - ✅,SI - ✅,ADG32 6320 MNAVARRO SL,ADG32 6320 MNAVARRO SL,✅,ALUBIX SL,ALUBIX SL,✅,2025-12-18,2025-12-18,✅,2025/00027,2025/00027,✅,4082.54,4082.54,✅
561002,2025-12-30,SI - ✅,SI - ✅,ADG32 6320 MNAVARRO SL,ADG32 6320 MNAVARRO SL,✅,ROCALLA SA,ROCALLA SA,✅,2025-12-18,2025-12-18,✅,2025/00020,2025/00020,✅,3714.7,3714.7,✅
561707,2025-12-30,SI - ✅,SI - ✅,ADG32 6320 MNAVARRO SL,,❌,ALUBIX SL,,❌,2025-12-29,,❌,2025/00029,,❌,157.3,,❌
561708,2025-12-30,SI - ✅,SI - ✅,ADG32 6320 MNAVARRO SL,,❌,ROCALLA SA,,❌,2025-12-29,,❌,2025/00021,,❌,166.98,,❌
535285,2025-12-30,SI - ✅,SI - ✅,ADG32 6352 SAANANOU SL,ADG32 6352 SAANANOU SL,✅,ALUBIX SL,ALUBIX SL,✅,2025-10-17,2025-10-17,✅,2025/00003,2025/00003,✅,1266.87,1266.87,✅
535312,2025-12-30,SI - ✅,SI - ✅,ADG32 6352 SAANANOU SL,ADG32 6352 SAANANOU SL,✅,ROCALLA SA,ROCALLA SA,✅,2025-10-17,2025-10-17,✅,2025/00001,2025/00001,✅,1056.33,1056.33,✅
537112,2025-12-30,SI - ✅,SI - ✅,ADG32 6352 SAANANOU SL,ADG32 6352 SAANANOU SL,✅,ALUBIX SL,ALUBIX SL,✅,2025-10-22,2025-10-22,✅,2025/00008,2025/00008,✅,4020.23,4020.23,✅
537115,2025-12-30,SI - ✅,SI - ✅,ADG32 6352 SAANANOU SL,ADG32 6352 SAANANOU SL,✅,ROCALLA SA,ROCALLA SA,✅,2025-10-22,2025-10-22,✅,2025/00005,2025/00005,✅,3661.46,3661.46,✅
540133,2025-12-30,SI - ✅,SI - ✅,ADG32 6352 SAANANOU SL,ADG32 6352 SAANANOU SL,✅,ALUBIX SL,ALUBIX SL,✅,2025-10-29,2025-10-29,✅,2025/00010,2025/00010,✅,4325.15,4325.15,✅
540134,2025-12-30,SI - ✅,SI - ✅,ADG32 6352 SAANANOU SL,ADG32 6352 SAANANOU SL,✅,ROCALLA SA,ROCALLA SA,✅,2025-10-29,2025-10-29,✅,2025/00007,2025/00007,✅,3539.25,3539.25,✅
542386,2025-12-30,SI - ✅,SI - ✅,ADG32 6352 SAANANOU SL,ADG32 6352 SAANANOU SL,✅,ALUBIX SL,ALUBIX SL,✅,2025-11-05,2025-11-05,✅,2025/00012,2025/00012,✅,4266.46,4266.46,✅
542389,2025-12-30,SI - ✅,SI - ✅,ADG32 6352 SAANANOU SL,ADG32 6352 SAANANOU SL,✅,ROCALLA SA,ROCALLA SA,✅,2025-11-05,2025-11-05,✅,2025/00009,2025/00009,✅,3643.31,3643.31,✅
545031,2025-12-30,SI - ✅,SI - ✅,ADG32 6352 SAANANOU SL,ADG32 6352 SAANANOU SL,✅,ALUBIX SL,ALUBIX SL,✅,2025-11-12,2025-11-12,✅,2025/00015,2025/00015,✅,4049.27,4049.27,✅
545032,2025-12-30,SI - ✅,SI - ✅,ADG32 6352 SAANANOU SL,ADG32 6352 SAANANOU SL,✅,ROCALLA SA,ROCALLA SA,✅,2025-11-12,2025-11-12,✅,2025/00013,2025/00013,✅,3403.73,3403.73,✅
548396,2025-12-30,SI - ✅,SI - ✅,ADG32 6352 SAANANOU SL,ADG32 6352 SAANANOU SL,✅,ALUBIX SL,ALUBIX SL,✅,2025-11-19,2025-11-19,✅,2025/00017,2025/00017,✅,3916.77,3916.77,✅
548397,2025-12-30,SI - ✅,SI - ✅,ADG32 6352 SAANANOU SL,ADG32 6352 SAANANOU SL,✅,ROCALLA SA,ROCALLA SA,✅,2025-11-19,2025-11-19,✅,2025/00017,2025/00017,✅,3781.25,3781.25,✅
551300,2025-12-30,SI - ✅,SI - ✅,ADG32 6352 SAANANOU SL,ADG32 6352 SAANANOU SL,✅,ALUBIX SL,ALUBIX SL,✅,2025-11-26,2025-11-26,✅,2025/00019,2025/00019,✅,4823.06,4823.06,✅
551301,2025-12-30,SI - ✅,SI - ✅,ADG32 6352 SAANANOU SL,ADG32 6352 SAANANOU SL,✅,ROCALLA SA,ROCALLA SA,✅,2025-11-26,2025-11-26,✅,2025/00019,2025/00019,✅,4241.05,4241.05,✅
554360,2025-12-30,SI - ✅,SI - ✅,ADG32 6352 SAANANOU SL,ADG32 6352 SAANANOU SL,✅,ALUBIX SL,ALUBIX SL,✅,2025-12-03,2025-12-03,✅,2025/00024,2025/00024,✅,4040.8,4040.8,✅
554362,2025-12-30,SI - ✅,SI - ✅,ADG32 6352 SAANANOU SL,ADG32 6352 SAANANOU SL,✅,ROCALLA SA,ROCALLA SA,✅,2025-12-03,2025-12-03,✅,2025/00024,2025/00024,✅,3861.11,3861.11,✅
556920,2025-12-30,SI - ✅,SI - ✅,ADG32 6352 SAANANOU SL,ADG32 6352 SAANANOU SL,✅,ALUBIX SL,ALUBIX SL,✅,2025-12-10,2025-12-10,✅,2025/00028,2025/00028,✅,4420.74,4420.74,✅
556921,2025-12-30,SI - ✅,SI - ✅,ADG32 6352 SAANANOU SL,ADG32 6352 SAANANOU SL,✅,ROCALLA SA,ROCALLA SA,✅,2025-12-10,2025-12-10,✅,2025/00027,2025/00027,✅,3950.65,3950.65,✅
560955,2025-12-30,SI - ✅,SI - ✅,ADG32 6352 SAANANOU SL,ADG32 6352 SAANANOU SL,✅,ALUBIX SL,ALUBIX SL,✅,2025-12-17,2025-12-17,✅,2025/00029,2025/00029,✅,3872.0,3872.0,✅
560956,2025-12-30,SI - ✅,SI - ✅,ADG32 6352 SAANANOU SL,ADG32 6352 SAANANOU SL,✅,ROCALLA SA,ROCALLA SA,✅,2025-12-17,2025-12-17,✅,2025/00031,2025/00031,✅,3191.98,3191.98,✅
561694,2025-12-30,SI - ✅,SI - ✅,ADG32 6352 SAANANOU SL,,❌,ALUBIX SL,,❌,2025-12-28,,❌,2025/00034,,❌,158.51,,❌
561695,2025-12-30,SI - ✅,SI - ✅,ADG32 6352 SAANANOU SL,,❌,ROCALLA SA,,❌,2025-12-28,,❌,2025/00034,,❌,158.51,,❌
535295,2025-12-30,SI - ✅,SI - ✅,ADG32 6356 WAANANOU SL,,❌,ALUBIX SL,,❌,2025-10-17,,❌,2025/00005,,❌,1507.66,,❌
535313,2025-12-30,SI - ✅,SI - ✅,ADG32 6356 WAANANOU SL,,❌,ROCALLA SA,,❌,2025-10-17,,❌,2025/00004,,❌,1444.74,,❌
537160,2025-12-30,SI - ✅,SI - ✅,ADG32 6356 WAANANOU SL,,❌,ALUBIX SL,,❌,2025-10-22,,❌,2025/00009,,❌,4808.54,,❌
537767,2025-12-30,SI - ✅,SI - ✅,ADG32 6356 WAANANOU SL,,❌,ROCALLA SA,,❌,2025-10-22,,❌,2025/00008,,❌,4977.94,,❌
540159,2025-12-30,SI - ✅,SI - ✅,ADG32 6356 WAANANOU SL,,❌,ALUBIX SL,,❌,2025-10-29,,❌,2025/00012,,❌,3874.42,,❌
540161,2025-12-30,SI - ✅,SI - ✅,ADG32 6356 WAANANOU SL,,❌,ROCALLA SA,,❌,2025-10-29,,❌,2025/00010,,❌,3322.66,,❌
542874,2025-12-30,SI - ✅,SI - ✅,ADG32 6356 WAANANOU SL,,❌,ALUBIX SL,,❌,2025-11-05,,❌,2025/00013,,❌,4360.84,,❌
542875,2025-12-30,SI - ✅,SI - ✅,ADG32 6356 WAANANOU SL,,❌,ROCALLA SA,,❌,2025-11-05,,❌,2025/00012,,❌,2473.24,,❌
545041,2025-12-30,SI - ✅,SI - ✅,ADG32 6356 WAANANOU SL,,❌,ALUBIX SL,,❌,2025-11-12,,❌,2025/00014,,❌,4689.96,,❌
545755,2025-12-30,SI - ✅,SI - ✅,ADG32 6356 WAANANOU SL,,❌,ROCALLA SA,,❌,2025-11-13,,❌,2025/00017,,❌,3369.85,,❌
546232,2025-12-30,SI - ✅,SI - ✅,ADG32 6356 WAANANOU SL,,❌,ROCALLA SA,,❌,2025-11-14,,❌,2025/00018,,❌,326.7,,❌
547964,2025-12-30,SI - ✅,SI - ✅,ADG32 6356 WAANANOU SL,,❌,ALUBIX SL,,❌,2025-11-19,,❌,2025/00019,,❌,4418.92,,❌
548603,2025-12-30,SI - ✅,SI - ✅,ADG32 6356 WAANANOU SL,,❌,ALUBIX SL,,❌,2025-11-19,,❌,2025/00022,,❌,239.58,,❌
548606,2025-12-30,SI - ✅,SI - ✅,ADG32 6356 WAANANOU SL,,❌,ROCALLA SA,,❌,2025-11-19,,❌,2025/00022,,❌,3488.43,,❌
549377,2025-12-30,SI - ✅,SI - ✅,ADG32 6356 WAANANOU SL,,❌,ROCALLA SA,,❌,2025-11-21,,❌,2025/00027,,❌,14.52,,❌
551319,2025-12-30,SI - ✅,SI - ✅,ADG32 6356 WAANANOU SL,,❌,ALUBIX SL,,❌,2025-11-26,,❌,2025/00028,,❌,2814.46,,❌
551323,2025-12-30,SI - ✅,SI - ✅,ADG32 6356 WAANANOU SL,,❌,ROCALLA SA,,❌,2025-11-26,,❌,2025/00028,,❌,3196.82,,❌
551595,2025-12-30,SI - ✅,SI - ✅,ADG32 6356 WAANANOU SL,,❌,ALUBIX SL,,❌,2025-11-26,,❌,2025/00024,,❌,1422.96,,❌
554396,2025-12-30,SI - ✅,SI - ✅,ADG32 6356 WAANANOU SL,,❌,ALUBIX SL,,❌,2025-12-03,,❌,2025/00029,,❌,4767.4,,❌
554399,2025-12-30,SI - ✅,SI - ✅,ADG32 6356 WAANANOU SL,,❌,ROCALLA SA,,❌,2025-12-03,,❌,2025/00033,,❌,3803.03,,❌
557603,2025-12-30,SI - ✅,SI - ✅,ADG32 6356 WAANANOU SL,,❌,ALUBIX SL,,❌,2025-12-10,,❌,2025/00034,,❌,4314.86,,❌
557605,2025-12-30,SI - ✅,SI - ✅,ADG32 6356 WAANANOU SL,,❌,ROCALLA SA,,❌,2025-12-10,,❌,2025/00037,,❌,3623.95,,❌
560979,2025-12-30,SI - ✅,SI - ✅,ADG32 6356 WAANANOU SL,,❌,ALUBIX SL,,❌,2025-12-17,,❌,2025/00039,,❌,4997.3,,❌
560980,2025-12-30,SI - ✅,SI - ✅,ADG32 6356 WAANANOU SL,,❌,ROCALLA SA,,❌,2025-12-17,,❌,2025/00040,,❌,3662.67,,❌
561705,2025-12-30,SI - ✅,SI - ✅,ADG32 6356 WAANANOU SL,,❌,ALUBIX SL,,❌,2025-12-29,,❌,2025/00041,,❌,157.3,,❌
561706,2025-12-30,SI - ✅,SI - ✅,ADG32 6356 WAANANOU SL,,❌,ROCALLA SA,,❌,2025-12-29,,❌,2025/00041,,❌,158.51,,❌
535278,2025-12-19,SI - ✅,SI - ✅,ADG32 6366 JMORAGUES SL,ADG32 6366 JMORAGUES SL,✅,ALUBIX SL,ALUBIX SL,✅,2025-10-17,2025-10-17,✅,2025/00002,2025/00002,✅,1067.22,1067.22,✅
535306,2025-12-19,SI - ✅,SI - ✅,ADG32 6366 JMORAGUES SL,ADG32 6366 JMORAGUES SL,✅,ROCALLA SA,ROCALLA SA,✅,2025-10-17,2025-10-17,✅,2025/00005,2025/00005,✅,1353.99,1353.99,✅
537109,2025-12-19,SI - ✅,SI - ✅,ADG32 6366 JMORAGUES SL,ADG32 6366 JMORAGUES SL,✅,ALUBIX SL,ALUBIX SL,✅,2025-10-22,2025-10-22,✅,2025/00003,2025/00003,✅,3748.58,3748.58,✅
537116,2025-12-19,SI - ✅,SI - ✅,ADG32 6366 JMORAGUES SL,ADG32 6366 JMORAGUES SL,✅,ROCALLA SA,ROCALLA SA,✅,2025-10-22,2025-10-22,✅,2025/00009,2025/00009,✅,4239.84,4239.84,✅
540059,2025-12-19,SI - ✅,SI - ✅,ADG32 6366 JMORAGUES SL,ADG32 6366 JMORAGUES SL,✅,ALUBIX SL,ALUBIX SL,✅,2025-10-29,2025-10-29,✅,2025/00006,2025/00006,✅,3303.3,3303.3,✅
540061,2025-12-19,SI - ✅,SI - ✅,ADG32 6366 JMORAGUES SL,ADG32 6366 JMORAGUES SL,✅,ROCALLA SA,ROCALLA SA,✅,2025-10-29,2025-10-29,✅,2025/00013,2025/00013,✅,3873.21,3873.21,✅
542307,2025-12-19,SI - ✅,SI - ✅,ADG32 6366 JMORAGUES SL,ADG32 6366 JMORAGUES SL,✅,ALUBIX SL,ALUBIX SL,✅,2025-11-05,2025-11-05,✅,2025/00011,2025/00011,✅,4242.26,4242.26,✅
542310,2025-12-19,SI - ✅,SI - ✅,ADG32 6366 JMORAGUES SL,ADG32 6366 JMORAGUES SL,✅,ROCALLA SA,ROCALLA SA,✅,2025-11-05,2025-11-05,✅,2025/00015,2025/00015,✅,5150.97,5150.97,✅
544984,2025-12-19,SI - ✅,SI - ✅,ADG32 6366 JMORAGUES SL,ADG32 6366 JMORAGUES SL,✅,ALUBIX SL,ALUBIX SL,✅,2025-11-12,2025-11-12,✅,2025/00014,2025/00014,✅,3564.66,3564.66,✅
544986,2025-12-19,SI - ✅,SI - ✅,ADG32 6366 JMORAGUES SL,ADG32 6366 JMORAGUES SL,✅,ROCALLA SA,ROCALLA SA,✅,2025-11-12,2025-11-12,✅,2025/00020,2025/00020,✅,4773.45,4773.45,✅
547936,2025-12-19,SI - ✅,SI - ✅,ADG32 6366 JMORAGUES SL,ADG32 6366 JMORAGUES SL,✅,ALUBIX SL,ALUBIX SL,✅,2025-11-19,2025-11-19,✅,2025/00018,2025/00018,✅,3310.56,3310.56,✅
547938,2025-12-19,SI - ✅,SI - ✅,ADG32 6366 JMORAGUES SL,ADG32 6366 JMORAGUES SL,✅,ROCALLA SA,ROCALLA SA,✅,2025-11-19,2025-11-19,✅,2025/00025,2025/00025,✅,3767.94,3767.94,✅
551253,2025-12-19,SI - ✅,SI - ✅,ADG32 6366 JMORAGUES SL,ADG32 6366 JMORAGUES SL,✅,ALUBIX SL,ALUBIX SL,✅,2025-11-26,2025-11-26,✅,2025/00020,2025/00020,✅,3859.9,3859.9,✅
551263,2025-12-19,SI - ✅,SI - ✅,ADG32 6366 JMORAGUES SL,ADG32 6366 JMORAGUES SL,✅,ROCALLA SA,ROCALLA SA,✅,2025-11-26,2025-11-26,✅,2025/00029,2025/00029,✅,4265.25,4265.25,✅
554336,2025-12-19,SI - ✅,SI - ✅,ADG32 6366 JMORAGUES SL,ADG32 6366 JMORAGUES SL,✅,ALUBIX SL,ALUBIX SL,✅,2025-12-03,2025-12-03,✅,2025/00025,2025/00025,✅,3576.76,3576.76,✅
554337,2025-12-19,SI - ✅,SI - ✅,ADG32 6366 JMORAGUES SL,ADG32 6366 JMORAGUES SL,✅,ROCALLA SA,ROCALLA SA,✅,2025-12-03,2025-12-03,✅,2025/00030,2025/00030,✅,4345.11,4345.11,✅
556849,2025-12-19,SI - ✅,SI - ✅,ADG32 6366 JMORAGUES SL,ADG32 6366 JMORAGUES SL,✅,ALUBIX SL,ALUBIX SL,✅,2025-12-10,2025-12-10,✅,2025/00028,2025/00028,✅,3492.06,3492.06,✅
556852,2025-12-19,SI - ✅,SI - ✅,ADG32 6366 JMORAGUES SL,ADG32 6366 JMORAGUES SL,✅,ROCALLA SA,ROCALLA SA,✅,2025-12-10,2025-12-10,✅,2025/00035,2025/00035,✅,4189.02,4189.02,✅
561023,2025-12-19,SI - ✅,SI - ✅,ADG32 6366 JMORAGUES SL,ADG32 6366 JMORAGUES SL,✅,ALUBIX SL,ALUBIX SL,✅,2025-12-18,2025-12-18,✅,2025/00031,2025/00031,✅,3373.48,3373.48,✅
561027,2025-12-19,SI - ✅,SI - ✅,ADG32 6366 JMORAGUES SL,ADG32 6366 JMORAGUES SL,✅,ROCALLA SA,ROCALLA SA,✅,2025-12-18,2025-12-18,✅,2025/00036,2025/00036,✅,3767.94,3767.94,✅
535321,2025-12-24,SI - ✅,SI - ✅,ADG32 6368 LPIZA SL,ADG32 6368 LPIZA SL,✅,ALUBIX SL,ALUBIX SL,✅,2025-10-17,2025-10-17,✅,2025/00004,2025/00004,✅,1447.16,1447.16,✅
535324,2025-12-24,SI - ✅,SI - ✅,ADG32 6368 LPIZA SL,ADG32 6368 LPIZA SL,✅,ROCALLA SA,ROCALLA SA,✅,2025-10-17,2025-10-17,✅,2025/00001,2025/00001,✅,1672.22,1672.22,✅
537130,2025-12-24,SI - ✅,SI - ✅,ADG32 6368 LPIZA SL,ADG32 6368 LPIZA SL,✅,ALUBIX SL,ALUBIX SL,✅,2025-10-22,2025-10-22,✅,2025/00006,2025/00006,✅,3092.76,3092.76,✅
537135,2025-12-24,SI - ✅,SI - ✅,ADG32 6368 LPIZA SL,ADG32 6368 LPIZA SL,✅,ROCALLA SA,ROCALLA SA,✅,2025-10-22,2025-10-22,✅,2025/00003,2025/00003,✅,3559.82,3559.82,✅
540077,2025-12-24,SI - ✅,SI - ✅,ADG32 6368 LPIZA SL,ADG32 6368 LPIZA SL,✅,ALUBIX SL,ALUBIX SL,✅,2025-10-29,2025-10-29,✅,2025/00007,2025/00007,✅,3598.54,3598.54,✅
540078,2025-12-24,SI - ✅,SI - ✅,ADG32 6368 LPIZA SL,ADG32 6368 LPIZA SL,✅,ROCALLA SA,ROCALLA SA,✅,2025-10-29,2025-10-29,✅,2025/00007,2025/00007,✅,4264.04,4264.04,✅
542304,2025-12-24,SI - ✅,SI - ✅,ADG32 6368 LPIZA SL,ADG32 6368 LPIZA SL,✅,ALUBIX SL,ALUBIX SL,✅,2025-11-05,2025-11-05,✅,2025/00010,2025/00010,✅,3813.92,3813.92,✅
542312,2025-12-24,SI - ✅,SI - ✅,ADG32 6368 LPIZA SL,ADG32 6368 LPIZA SL,✅,ROCALLA SA,ROCALLA SA,✅,2025-11-05,2025-11-05,✅,2025/00011,2025/00011,✅,4714.16,4714.16,✅
545514,2025-12-24,SI - ✅,SI - ✅,ADG32 6368 LPIZA SL,ADG32 6368 LPIZA SL,✅,ALUBIX SL,ALUBIX SL,✅,2025-11-13,2025-11-13,✅,2025/00013,2025/00013,✅,3315.4,3315.4,✅
545515,2025-12-24,SI - ✅,SI - ✅,ADG32 6368 LPIZA SL,ADG32 6368 LPIZA SL,✅,ROCALLA SA,ROCALLA SA,✅,2025-11-13,2025-11-13,✅,2025/00016,2025/00016,✅,4486.68,4486.68,✅
547920,2025-12-24,SI - ✅,SI - ✅,ADG32 6368 LPIZA SL,ADG32 6368 LPIZA SL,✅,ALUBIX SL,ALUBIX SL,✅,2025-11-19,2025-11-19,✅,2025/00018,2025/00018,✅,3540.46,3540.46,✅
547923,2025-12-24,SI - ✅,SI - ✅,ADG32 6368 LPIZA SL,ADG32 6368 LPIZA SL,✅,ROCALLA SA,ROCALLA SA,✅,2025-11-19,2025-11-19,✅,2025/00019,2025/00019,✅,4176.92,4176.92,✅
551381,2025-12-24,SI - ✅,SI - ✅,ADG32 6368 LPIZA SL,ADG32 6368 LPIZA SL,✅,ALUBIX SL,ALUBIX SL,✅,2025-11-26,2025-11-26,✅,2025/00023,2025/00023,✅,3959.12,3959.12,✅
551390,2025-12-24,SI - ✅,SI - ✅,ADG32 6368 LPIZA SL,ADG32 6368 LPIZA SL,✅,ROCALLA SA,ROCALLA SA,✅,2025-11-26,2025-11-26,✅,2025/00024,2025/00024,✅,4271.3,4271.3,✅
554313,2025-12-24,SI - ✅,SI - ✅,ADG32 6368 LPIZA SL,ADG32 6368 LPIZA SL,✅,ALUBIX SL,ALUBIX SL,✅,2025-12-03,2025-12-03,✅,2025/00027,2025/00027,✅,3913.14,3913.14,✅
554316,2025-12-24,SI - ✅,SI - ✅,ADG32 6368 LPIZA SL,ADG32 6368 LPIZA SL,✅,ROCALLA SA,ROCALLA SA,✅,2025-12-03,2025-12-03,✅,2025/00027,2025/00027,✅,4663.34,4663.34,✅
556851,2025-12-24,SI - ✅,SI - ✅,ADG32 6368 LPIZA SL,ADG32 6368 LPIZA SL,✅,ALUBIX SL,ALUBIX SL,✅,2025-12-10,2025-12-10,✅,2025/00030,2025/00030,✅,3593.7,3593.7,✅
556855,2025-12-24,SI - ✅,SI - ✅,ADG32 6368 LPIZA SL,ADG32 6368 LPIZA SL,✅,ROCALLA SA,ROCALLA SA,✅,2025-12-10,2025-12-10,✅,2025/00029,2025/00029,✅,5186.06,5186.06,✅
560474,2025-12-24,SI - ✅,SI - ✅,ADG32 6368 LPIZA SL,ADG32 6368 LPIZA SL,✅,ALUBIX SL,ALUBIX SL,✅,2025-12-17,2025-12-17,✅,2025/00031,2025/00031,✅,3283.94,3283.94,✅
560477,2025-12-24,SI - ✅,SI - ✅,ADG32 6368 LPIZA SL,ADG32 6368 LPIZA SL,✅,ROCALLA SA,ROCALLA SA,✅,2025-12-17,2025-12-17,✅,2025/00034,2025/00034,✅,3741.32,3741.32,✅
561675,2025-12-24,NO - ❌,SI - ✅,ADG32 6368 LPIZA SL,,✅,ALUBIX SL,,✅,2025-12-24,,❌,2025/00034,,✅,171.82,,✅
561677,2025-12-24,NO - ❌,SI - ✅,ADG32 6368 LPIZA SL,,✅,ROCALLA SA,,✅,2025-12-24,,❌,2025/00036,,✅,162.14,,✅
535276,2025-12-18,SI - ✅,SI - ✅,ADG32 6369 VMASTRANGELO SL,ADG32 6369 VMASTRANGELO SL,✅,ALUBIX SL,ALUBIX SL,✅,2025-10-17,2025-10-17,✅,2025/00002,2025/00002,✅,1239.04,1239.04,✅
535299,2025-12-18,SI - ✅,SI - ✅,ADG32 6369 VMASTRANGELO SL,ADG32 6369 VMASTRANGELO SL,✅,ROCALLA SA,ROCALLA SA,✅,2025-10-17,2025-10-17,✅,2025/00001,2025/00001,✅,1593.57,1593.57,✅
537048,2025-12-18,SI - ✅,SI - ✅,ADG32 6369 VMASTRANGELO SL,ADG32 6369 VMASTRANGELO SL,✅,ALUBIX SL,ALUBIX SL,✅,2025-10-22,2025-10-22,✅,2025/00009,2025/00009,✅,1840.41,1840.41,✅
537049,2025-12-18,SI - ✅,SI - ✅,ADG32 6369 VMASTRANGELO SL,ADG32 6369 VMASTRANGELO SL,✅,ALUBIX SL,ALUBIX SL,✅,2025-10-22,2025-10-22,✅,2025/00007,2025/00007,✅,1583.89,1583.89,✅
537052,2025-12-18,SI - ✅,SI - ✅,ADG32 6369 VMASTRANGELO SL,ADG32 6369 VMASTRANGELO SL,✅,ROCALLA SA,ROCALLA SA,✅,2025-10-22,2025-10-22,✅,2025/00005,2025/00005,✅,4268.88,4268.88,✅
540055,2025-12-18,SI - ✅,SI - ✅,ADG32 6369 VMASTRANGELO SL,ADG32 6369 VMASTRANGELO SL,✅,ALUBIX SL,ALUBIX SL,✅,2025-10-29,2025-10-29,✅,2025/00012,2025/00012,✅,3286.36,3286.36,✅
540058,2025-12-18,SI - ✅,SI - ✅,ADG32 6369 VMASTRANGELO SL,ADG32 6369 VMASTRANGELO SL,✅,ROCALLA SA,ROCALLA SA,✅,2025-10-29,2025-10-29,✅,2025/00009,2025/00009,✅,4544.76,4544.76,✅
542280,2025-12-18,SI - ✅,SI - ✅,ADG32 6369 VMASTRANGELO SL,ADG32 6369 VMASTRANGELO SL,✅,ALUBIX SL,ALUBIX SL,✅,2025-11-05,2025-11-05,✅,2025/00013,2025/00013,✅,3501.74,3501.74,✅
542281,2025-12-18,SI - ✅,SI - ✅,ADG32 6369 VMASTRANGELO SL,ADG32 6369 VMASTRANGELO SL,✅,ROCALLA SA,ROCALLA SA,✅,2025-11-05,2025-11-05,✅,2025/00014,2025/00014,✅,4034.14,4034.14,✅
544972,2025-12-18,SI - ✅,SI - ✅,ADG32 6369 VMASTRANGELO SL,ADG32 6369 VMASTRANGELO SL,✅,ALUBIX SL,ALUBIX SL,✅,2025-11-12,2025-11-12,✅,2025/00015,2025/00015,✅,3682.64,3682.64,✅
544977,2025-12-18,SI - ✅,SI - ✅,ADG32 6369 VMASTRANGELO SL,ADG32 6369 VMASTRANGELO SL,✅,ROCALLA SA,ROCALLA SA,✅,2025-11-12,2025-11-12,✅,2025/00015,2025/00015,✅,4266.46,4266.46,✅
547924,2025-12-18,SI - ✅,SI - ✅,ADG32 6369 VMASTRANGELO SL,ADG32 6369 VMASTRANGELO SL,✅,ALUBIX SL,ALUBIX SL,✅,2025-11-19,2025-11-19,✅,2025/00017,2025/00017,✅,3590.07,3590.07,✅
547925,2025-12-18,SI - ✅,SI - ✅,ADG32 6369 VMASTRANGELO SL,ADG32 6369 VMASTRANGELO SL,✅,ROCALLA SA,ROCALLA SA,✅,2025-11-19,2025-11-19,✅,2025/00017,2025/00017,✅,4089.8,4089.8,✅
551192,2025-12-18,SI - ✅,SI - ✅,ADG32 6369 VMASTRANGELO SL,ADG32 6369 VMASTRANGELO SL,✅,ALUBIX SL,ALUBIX SL,✅,2025-11-26,2025-11-26,✅,2025/00020,2025/00020,✅,3931.29,3931.29,✅
551194,2025-12-18,SI - ✅,SI - ✅,ADG32 6369 VMASTRANGELO SL,ADG32 6369 VMASTRANGELO SL,✅,ROCALLA SA,ROCALLA SA,✅,2025-11-26,2025-11-26,✅,2025/00022,2025/00022,✅,4502.41,4502.41,✅
554275,2025-12-18,SI - ✅,SI - ✅,ADG32 6369 VMASTRANGELO SL,ADG32 6369 VMASTRANGELO SL,✅,ALUBIX SL,ALUBIX SL,✅,2025-12-03,2025-12-03,✅,2025/00024,2025/00024,✅,3245.83,3245.83,✅
554280,2025-12-18,SI - ✅,SI - ✅,ADG32 6369 VMASTRANGELO SL,ADG32 6369 VMASTRANGELO SL,✅,ROCALLA SA,ROCALLA SA,✅,2025-12-03,2025-12-03,✅,2025/00027,2025/00027,✅,4397.14,4397.14,✅
554380,2025-12-18,SI - ✅,SI - ✅,ADG32 6369 VMASTRANGELO SL,ADG32 6369 VMASTRANGELO SL,✅,ROCALLA SA,ROCALLA SA,✅,2025-12-03,2025-12-03,✅,2025/00030,2025/00030,✅,65.34,65.34,✅
556808,2025-12-18,SI - ✅,SI - ✅,ADG32 6369 VMASTRANGELO SL,ADG32 6369 VMASTRANGELO SL,✅,ROCALLA SA,ROCALLA SA,✅,2025-12-10,2025-12-10,✅,2025/00035,2025/00035,✅,4440.7,4440.7,✅
556812,2025-12-18,SI - ✅,SI - ✅,ADG32 6369 VMASTRANGELO SL,ADG32 6369 VMASTRANGELO SL,✅,ALUBIX SL,ALUBIX SL,✅,2025-12-10,2025-12-10,✅,2025/00027,2025/00027,✅,3415.83,3415.83,✅
560905,2025-12-18,SI - ✅,SI - ✅,ADG32 6369 VMASTRANGELO SL,ADG32 6369 VMASTRANGELO SL,✅,ALUBIX SL,ALUBIX SL,✅,2025-12-17,2025-12-17,✅,2025/00030,2025/00030,✅,3581.6,3581.6,✅
560906,2025-12-18,SI - ✅,SI - ✅,ADG32 6369 VMASTRANGELO SL,ADG32 6369 VMASTRANGELO SL,✅,ROCALLA SA,ROCALLA SA,✅,2025-12-17,2025-12-17,✅,2025/00037,2025/00037,✅,4262.83,4262.83,✅
535280,2025-12-30,SI - ✅,SI - ✅,ADG32 6427 NANANOU SL,ADG32 6427 NANANOU SL,✅,ALUBIX SL,ALUBIX SL,✅,2025-10-17,2025-10-17,✅,2025/00001,2025/00001,✅,1352.78,1352.78,✅
535303,2025-12-30,SI - ✅,SI - ✅,ADG32 6427 NANANOU SL,ADG32 6427 NANANOU SL,✅,ROCALLA SA,ROCALLA SA,✅,2025-10-17,2025-10-17,✅,2025/00001,2025/00001,✅,786.5,786.5,✅
537782,2025-12-30,SI - ✅,SI - ✅,ADG32 6427 NANANOU SL,ADG32 6427 NANANOU SL,✅,ALUBIX SL,ALUBIX SL,✅,2025-10-23,2025-10-23,✅,2025/00005,2025/00005,✅,4619.78,4619.78,✅
537785,2025-12-30,SI - ✅,SI - ✅,ADG32 6427 NANANOU SL,ADG32 6427 NANANOU SL,✅,ROCALLA SA,ROCALLA SA,✅,2025-10-23,2025-10-23,✅,2025/00004,2025/00004,✅,2870.12,2870.12,✅
540130,2025-12-30,SI - ✅,SI - ✅,ADG32 6427 NANANOU SL,ADG32 6427 NANANOU SL,✅,ALUBIX SL,ALUBIX SL,✅,2025-10-29,2025-10-29,✅,2025/00007,2025/00007,✅,4474.58,4474.58,✅
540132,2025-12-30,SI - ✅,SI - ✅,ADG32 6427 NANANOU SL,ADG32 6427 NANANOU SL,✅,ROCALLA SA,ROCALLA SA,✅,2025-10-29,2025-10-29,✅,2025/00005,2025/00005,✅,2618.44,2618.44,✅
542342,2025-12-30,SI - ✅,SI - ✅,ADG32 6427 NANANOU SL,ADG32 6427 NANANOU SL,✅,ALUBIX SL,ALUBIX SL,✅,2025-11-05,2025-11-05,✅,2025/00010,2025/00010,✅,5186.06,5186.06,✅
542345,2025-12-30,SI - ✅,SI - ✅,ADG32 6427 NANANOU SL,ADG32 6427 NANANOU SL,✅,ROCALLA SA,ROCALLA SA,✅,2025-11-05,2025-11-05,✅,2025/00006,2025/00006,✅,3274.26,3274.26,✅
544987,2025-12-30,SI - ✅,SI - ✅,ADG32 6427 NANANOU SL,ADG32 6427 NANANOU SL,✅,ALUBIX SL,ALUBIX SL,✅,2025-11-12,2025-11-12,✅,2025/00014,2025/00014,✅,4636.72,4636.72,✅
544989,2025-12-30,SI - ✅,SI - ✅,ADG32 6427 NANANOU SL,ADG32 6427 NANANOU SL,✅,ROCALLA SA,ROCALLA SA,✅,2025-11-12,2025-11-12,✅,2025/00010,2025/00010,✅,2816.88,2816.88,✅
548604,2025-12-30,SI - ✅,SI - ✅,ADG32 6427 NANANOU SL,ADG32 6427 NANANOU SL,✅,ALUBIX SL,ALUBIX SL,✅,2025-11-19,2025-11-19,✅,2025/00018,2025/00018,✅,4542.34,4542.34,✅
548605,2025-12-30,SI - ✅,SI - ✅,ADG32 6427 NANANOU SL,ADG32 6427 NANANOU SL,✅,ROCALLA SA,ROCALLA SA,✅,2025-11-19,2025-11-19,✅,2025/00011,2025/00011,✅,3332.34,3332.34,✅
551241,2025-12-30,SI - ✅,SI - ✅,ADG32 6427 NANANOU SL,ADG32 6427 NANANOU SL,✅,ALUBIX SL,ALUBIX SL,✅,2025-11-26,2025-11-26,✅,2025/00022,2025/00022,✅,4881.14,4881.14,✅
551246,2025-12-30,SI - ✅,SI - ✅,ADG32 6427 NANANOU SL,ADG32 6427 NANANOU SL,✅,ROCALLA SA,ROCALLA SA,✅,2025-11-26,2025-11-26,✅,2025/00014,2025/00014,✅,3160.52,3160.52,✅
554338,2025-12-30,SI - ✅,SI - ✅,ADG32 6427 NANANOU SL,ADG32 6427 NANANOU SL,✅,ALUBIX SL,ALUBIX SL,✅,2025-12-03,2025-12-03,✅,2025/00024,2025/00024,✅,4653.66,4653.66,✅
554339,2025-12-30,SI - ✅,SI - ✅,ADG32 6427 NANANOU SL,ADG32 6427 NANANOU SL,✅,ROCALLA SA,ROCALLA SA,✅,2025-12-03,2025-12-03,✅,2025/00018,2025/00018,✅,2792.68,2792.68,✅
556848,2025-12-30,SI - ✅,SI - ✅,ADG32 6427 NANANOU SL,ADG32 6427 NANANOU SL,✅,ALUBIX SL,ALUBIX SL,✅,2025-12-10,2025-12-10,✅,2025/00028,2025/00028,✅,5164.28,5164.28,✅
556854,2025-12-30,SI - ✅,SI - ✅,ADG32 6427 NANANOU SL,ADG32 6427 NANANOU SL,✅,ROCALLA SA,ROCALLA SA,✅,2025-12-10,2025-12-10,✅,2025/00021,2025/00021,✅,3254.9,3254.9,✅
560936,2025-12-30,SI - ✅,SI - ✅,ADG32 6427 NANANOU SL,ADG32 6427 NANANOU SL,✅,ALUBIX SL,ALUBIX SL,✅,2025-12-17,2025-12-17,✅,2025/00029,2025/00029,✅,4670.6,4670.6,✅
560937,2025-12-30,SI - ✅,SI - ✅,ADG32 6427 NANANOU SL,ADG32 6427 NANANOU SL,✅,ROCALLA SA,ROCALLA SA,✅,2025-12-17,2025-12-17,✅,2025/00026,2025/00026,✅,2974.18,2974.18,✅
561701,2025-12-30,SI - ✅,SI - ✅,ADG32 6427 NANANOU SL,,❌,ALUBIX SL,,❌,2025-12-29,,❌,2025/00031,,❌,171.82,,❌
561703,2025-12-30,SI - ✅,SI - ✅,ADG32 6427 NANANOU SL,,❌,ROCALLA SA,,❌,2025-12-29,,❌,2025/00029,,❌,157.3,,❌
538001,2025-12-30,SI - ✅,SI - ✅,ADG32 6428 ABOUBAL SL,ADG32 6428 ABOUBAL SL,✅,ALUBIX SL,ALUBIX SL,✅,2025-10-23,2025-10-23,✅,2025/00003,2025/00003,✅,5057.8,5057.8,✅
538002,2025-12-30,SI - ✅,SI - ✅,ADG32 6428 ABOUBAL SL,ADG32 6428 ABOUBAL SL,✅,ROCALLA SA,ROCALLA SA,✅,2025-10-23,2025-10-23,✅,2025/00001,2025/00001,✅,5619.24,5619.24,✅
540108,2025-12-30,SI - ✅,SI - ✅,ADG32 6428 ABOUBAL SL,ADG32 6428 ABOUBAL SL,✅,ALUBIX SL,ALUBIX SL,✅,2025-10-29,2025-10-29,✅,2025/00008,2025/00008,✅,3649.36,3649.36,✅
540109,2025-12-30,SI - ✅,SI - ✅,ADG32 6428 ABOUBAL SL,ADG32 6428 ABOUBAL SL,✅,ROCALLA SA,ROCALLA SA,✅,2025-10-29,2025-10-29,✅,2025/00004,2025/00004,✅,4179.34,4179.34,✅
542319,2025-12-30,SI - ✅,SI - ✅,ADG32 6428 ABOUBAL SL,ADG32 6428 ABOUBAL SL,✅,ALUBIX SL,ALUBIX SL,✅,2025-11-05,2025-11-05,✅,2025/00010,2025/00010,✅,4143.04,4143.04,✅
542322,2025-12-30,SI - ✅,SI - ✅,ADG32 6428 ABOUBAL SL,ADG32 6428 ABOUBAL SL,✅,ROCALLA SA,ROCALLA SA,✅,2025-11-05,2025-11-05,✅,2025/00005,2025/00005,✅,3934.92,3934.92,✅
545025,2025-12-30,SI - ✅,SI - ✅,ADG32 6428 ABOUBAL SL,ADG32 6428 ABOUBAL SL,✅,ALUBIX SL,ALUBIX SL,✅,2025-11-12,2025-11-12,✅,2025/00015,2025/00015,✅,3683.24,3683.24,✅
545027,2025-12-30,SI - ✅,SI - ✅,ADG32 6428 ABOUBAL SL,ADG32 6428 ABOUBAL SL,✅,ROCALLA SA,ROCALLA SA,✅,2025-11-12,2025-11-12,✅,2025/00010,2025/00010,✅,3932.5,3932.5,✅
547912,2025-12-30,SI - ✅,SI - ✅,ADG32 6428 ABOUBAL SL,ADG32 6428 ABOUBAL SL,✅,ALUBIX SL,ALUBIX SL,✅,2025-11-19,2025-11-19,✅,2025/00016,2025/00016,✅,4404.4,4404.4,✅
547914,2025-12-30,SI - ✅,SI - ✅,ADG32 6428 ABOUBAL SL,ADG32 6428 ABOUBAL SL,✅,ROCALLA SA,ROCALLA SA,✅,2025-11-19,2025-11-19,✅,2025/00013,2025/00013,✅,4302.76,4302.76,✅
551342,2025-12-30,SI - ✅,SI - ✅,ADG32 6428 ABOUBAL SL,ADG32 6428 ABOUBAL SL,✅,ALUBIX SL,ALUBIX SL,✅,2025-11-26,2025-11-26,✅,2025/00021,2025/00021,✅,3988.16,3988.16,✅
551345,2025-12-30,SI - ✅,SI - ✅,ADG32 6428 ABOUBAL SL,ADG32 6428 ABOUBAL SL,✅,ROCALLA SA,ROCALLA SA,✅,2025-11-26,2025-11-26,✅,2025/00015,2025/00015,✅,4215.64,4215.64,✅
554308,2025-12-30,SI - ✅,SI - ✅,ADG32 6428 ABOUBAL SL,ADG32 6428 ABOUBAL SL,✅,ALUBIX SL,ALUBIX SL,✅,2025-12-03,2025-12-03,✅,2025/00026,2025/00026,✅,3891.36,3891.36,✅
554312,2025-12-30,SI - ✅,SI - ✅,ADG32 6428 ABOUBAL SL,ADG32 6428 ABOUBAL SL,✅,ROCALLA SA,ROCALLA SA,✅,2025-12-03,2025-12-03,✅,2025/00018,2025/00018,✅,3978.48,3978.48,✅
556977,2025-12-30,SI - ✅,SI - ✅,ADG32 6428 ABOUBAL SL,ADG32 6428 ABOUBAL SL,✅,ALUBIX SL,ALUBIX SL,✅,2025-12-10,2025-12-10,✅,2025/00030,2025/00030,✅,3417.04,3417.04,✅
556981,2025-12-30,SI - ✅,SI - ✅,ADG32 6428 ABOUBAL SL,ADG32 6428 ABOUBAL SL,✅,ROCALLA SA,ROCALLA SA,✅,2025-12-10,2025-12-10,✅,2025/00020,2025/00020,✅,4164.82,4164.82,✅
561157,2025-12-30,SI - ✅,SI - ✅,ADG32 6428 ABOUBAL SL,,❌,ALUBIX SL,,❌,2025-12-18,,❌,2025/00031,,❌,3707.44,,❌
561158,2025-12-30,SI - ✅,SI - ✅,ADG32 6428 ABOUBAL SL,,❌,ROCALLA SA,,❌,2025-12-18,,❌,2025/00025,,❌,3724.38,,❌
561714,2025-12-30,NO - ❌,SI - ✅,ADG32 6428 ABOUBAL SL,,✅,ALUBIX SL,,✅,2025-12-30,,❌,2025/00034,,✅,164.56,,✅
561715,2025-12-30,NO - ❌,SI - ✅,ADG32 6428 ABOUBAL SL,,✅,ROCALLA SA,,✅,2025-12-30,,❌,2025/00029,,✅,162.14,,✅
535281,2025-12-30,SI - ✅,SI - ✅,ADG32 6431 GZOUGGAGHI SL,ADG32 6431 GZOUGGAGHI SL,✅,ALUBIX SL,ALUBIX SL,✅,2025-10-17,2025-10-17,✅,2025/00004,2025/00004,✅,1287.44,1287.44,✅
535298,2025-12-30,SI - ✅,SI - ✅,ADG32 6431 GZOUGGAGHI SL,ADG32 6431 GZOUGGAGHI SL,✅,ROCALLA SA,ROCALLA SA,✅,2025-10-17,2025-10-17,✅,2025/00005,2025/00005,✅,1345.52,1345.52,✅
537124,2025-12-30,SI - ✅,SI - ✅,ADG32 6431 GZOUGGAGHI SL,ADG32 6431 GZOUGGAGHI SL,✅,ALUBIX SL,ALUBIX SL,✅,2025-10-22,2025-10-22,✅,2025/00006,2025/00006,✅,3165.36,3165.36,✅
537125,2025-12-30,SI - ✅,SI - ✅,ADG32 6431 GZOUGGAGHI SL,ADG32 6431 GZOUGGAGHI SL,✅,ROCALLA SA,ROCALLA SA,✅,2025-10-22,2025-10-22,✅,2025/00008,2025/00008,✅,4019.62,4019.62,✅
540066,2025-12-30,SI - ✅,SI - ✅,ADG32 6431 GZOUGGAGHI SL,ADG32 6431 GZOUGGAGHI SL,✅,ALUBIX SL,ALUBIX SL,✅,2025-10-29,2025-10-29,✅,2025/00009,2025/00009,✅,3472.7,3472.7,✅
540076,2025-12-30,SI - ✅,SI - ✅,ADG32 6431 GZOUGGAGHI SL,ADG32 6431 GZOUGGAGHI SL,✅,ROCALLA SA,ROCALLA SA,✅,2025-10-29,2025-10-29,✅,2025/00010,2025/00010,✅,3726.8,3726.8,✅
542287,2025-12-30,SI - ✅,SI - ✅,ADG32 6431 GZOUGGAGHI SL,ADG32 6431 GZOUGGAGHI SL,✅,ALUBIX SL,ALUBIX SL,✅,2025-11-05,2025-11-05,✅,2025/00012,2025/00012,✅,3661.46,3661.46,✅
542291,2025-12-30,SI - ✅,SI - ✅,ADG32 6431 GZOUGGAGHI SL,ADG32 6431 GZOUGGAGHI SL,✅,ROCALLA SA,ROCALLA SA,✅,2025-11-05,2025-11-05,✅,2025/00014,2025/00014,✅,4048.66,4048.66,✅
545024,2025-12-30,SI - ✅,SI - ✅,ADG32 6431 GZOUGGAGHI SL,ADG32 6431 GZOUGGAGHI SL,✅,ALUBIX SL,ALUBIX SL,✅,2025-11-12,2025-11-12,✅,2025/00015,2025/00015,✅,3552.56,3552.56,✅
545028,2025-12-30,SI - ✅,SI - ✅,ADG32 6431 GZOUGGAGHI SL,ADG32 6431 GZOUGGAGHI SL,✅,ROCALLA SA,ROCALLA SA,✅,2025-11-12,2025-11-12,✅,2025/00019,2025/00019,✅,4135.78,4135.78,✅
547870,2025-12-30,SI - ✅,SI - ✅,ADG32 6431 GZOUGGAGHI SL,ADG32 6431 GZOUGGAGHI SL,✅,ALUBIX SL,ALUBIX SL,✅,2025-11-19,2025-11-19,✅,2025/00018,2025/00018,✅,4034.14,4034.14,✅
547872,2025-12-30,SI - ✅,SI - ✅,ADG32 6431 GZOUGGAGHI SL,ADG32 6431 GZOUGGAGHI SL,✅,ROCALLA SA,ROCALLA SA,✅,2025-11-19,2025-11-19,✅,2025/00021,2025/00021,✅,4075.28,4075.28,✅
551231,2025-12-30,SI - ✅,SI - ✅,ADG32 6431 GZOUGGAGHI SL,ADG32 6431 GZOUGGAGHI SL,✅,ALUBIX SL,ALUBIX SL,✅,2025-11-26,2025-11-26,✅,2025/00021,2025/00021,✅,3467.86,3467.86,✅
551234,2025-12-30,SI - ✅,SI - ✅,ADG32 6431 GZOUGGAGHI SL,ADG32 6431 GZOUGGAGHI SL,✅,ROCALLA SA,ROCALLA SA,✅,2025-11-26,2025-11-26,✅,2025/00025,2025/00025,✅,4285.82,4285.82,✅
554328,2025-12-30,SI - ✅,SI - ✅,ADG32 6431 GZOUGGAGHI SL,ADG32 6431 GZOUGGAGHI SL,✅,ALUBIX SL,ALUBIX SL,✅,2025-12-03,2025-12-03,✅,2025/00026,2025/00026,✅,4164.82,4164.82,✅
554329,2025-12-30,SI - ✅,SI - ✅,ADG32 6431 GZOUGGAGHI SL,ADG32 6431 GZOUGGAGHI SL,✅,ROCALLA SA,ROCALLA SA,✅,2025-12-03,2025-12-03,✅,2025/00029,2025/00029,✅,4456.43,4456.43,✅
556835,2025-12-30,SI - ✅,SI - ✅,ADG32 6431 GZOUGGAGHI SL,ADG32 6431 GZOUGGAGHI SL,✅,ALUBIX SL,ALUBIX SL,✅,2025-12-10,2025-12-10,✅,2025/00031,2025/00031,✅,3930.08,3930.08,✅
556837,2025-12-30,SI - ✅,SI - ✅,ADG32 6431 GZOUGGAGHI SL,ADG32 6431 GZOUGGAGHI SL,✅,ROCALLA SA,ROCALLA SA,✅,2025-12-10,2025-12-10,✅,2025/00031,2025/00031,✅,4622.2,4622.2,✅
560996,2025-12-30,SI - ✅,SI - ✅,ADG32 6431 GZOUGGAGHI SL,ADG32 6431 GZOUGGAGHI SL,✅,ALUBIX SL,ALUBIX SL,✅,2025-12-17,2025-12-17,✅,2025/00034,2025/00034,✅,3598.54,3598.54,✅
560997,2025-12-30,SI - ✅,SI - ✅,ADG32 6431 GZOUGGAGHI SL,ADG32 6431 GZOUGGAGHI SL,✅,ROCALLA SA,ROCALLA SA,✅,2025-12-17,2025-12-17,✅,2025/00032,2025/00032,✅,4277.35,4277.35,✅
561700,2025-12-30,SI - ✅,SI - ✅,ADG32 6431 GZOUGGAGHI SL,,❌,ALUBIX SL,,❌,2025-12-29,,❌,2025/00035,,❌,162.14,,❌
561702,2025-12-30,SI - ✅,SI - ✅,ADG32 6431 GZOUGGAGHI SL,,❌,ROCALLA SA,,❌,2025-12-29,,❌,2025/00036,,❌,179.08,,❌
535287,2025-12-19,SI - ✅,SI - ✅,ADG32 6702 NFORNES SL,ADG32 6702 NFORNES SL,✅,ALUBIX SL,ALUBIX SL,✅,2025-10-17,2025-10-17,✅,2025/00004,2025/00004,✅,1280.18,1280.18,✅
535310,2025-12-19,SI - ✅,SI - ✅,ADG32 6702 NFORNES SL,ADG32 6702 NFORNES SL,✅,ROCALLA SA,ROCALLA SA,✅,2025-10-17,2025-10-17,✅,2025/00004,2025/00004,✅,878.46,878.46,✅
537161,2025-12-19,SI - ✅,SI - ✅,ADG32 6702 NFORNES SL,ADG32 6702 NFORNES SL,✅,ALUBIX SL,ALUBIX SL,✅,2025-10-22,2025-10-22,✅,2025/00008,2025/00008,✅,4735.94,4735.94,✅
537418,2025-12-19,SI - ✅,SI - ✅,ADG32 6702 NFORNES SL,ADG32 6702 NFORNES SL,✅,ROCALLA SA,ROCALLA SA,✅,2025-10-22,2025-10-22,✅,2025/00008,2025/00008,✅,3204.08,3204.08,✅
540080,2025-12-19,SI - ✅,SI - ✅,ADG32 6702 NFORNES SL,ADG32 6702 NFORNES SL,✅,ALUBIX SL,ALUBIX SL,✅,2025-10-29,2025-10-29,✅,2025/00009,2025/00009,✅,4460.06,4460.06,✅
540090,2025-12-19,SI - ✅,SI - ✅,ADG32 6702 NFORNES SL,ADG32 6702 NFORNES SL,✅,ROCALLA SA,ROCALLA SA,✅,2025-10-29,2025-10-29,✅,2025/00009,2025/00009,✅,3300.88,3300.88,✅
542316,2025-12-19,SI - ✅,SI - ✅,ADG32 6702 NFORNES SL,ADG32 6702 NFORNES SL,✅,ALUBIX SL,ALUBIX SL,✅,2025-11-05,2025-11-05,✅,2025/00013,2025/00013,✅,4256.78,4256.78,✅
542328,2025-12-19,SI - ✅,SI - ✅,ADG32 6702 NFORNES SL,ADG32 6702 NFORNES SL,✅,ROCALLA SA,ROCALLA SA,✅,2025-11-05,2025-11-05,✅,2025/00014,2025/00014,✅,3015.32,3015.32,✅
545004,2025-12-19,SI - ✅,SI - ✅,ADG32 6702 NFORNES SL,ADG32 6702 NFORNES SL,✅,ALUBIX SL,ALUBIX SL,✅,2025-11-12,2025-11-12,✅,2025/00016,2025/00016,✅,4455.22,4455.22,✅
545005,2025-12-19,SI - ✅,SI - ✅,ADG32 6702 NFORNES SL,ADG32 6702 NFORNES SL,✅,ROCALLA SA,ROCALLA SA,✅,2025-11-12,2025-11-12,✅,2025/00015,2025/00015,✅,3317.82,3317.82,✅
547939,2025-12-19,SI - ✅,SI - ✅,ADG32 6702 NFORNES SL,ADG32 6702 NFORNES SL,✅,ALUBIX SL,ALUBIX SL,✅,2025-11-19,2025-11-19,✅,2025/00020,2025/00020,✅,4789.18,4789.18,✅
547941,2025-12-19,SI - ✅,SI - ✅,ADG32 6702 NFORNES SL,ADG32 6702 NFORNES SL,✅,ROCALLA SA,ROCALLA SA,✅,2025-11-19,2025-11-19,✅,2025/00019,2025/00019,✅,3373.48,3373.48,✅
551277,2025-12-19,SI - ✅,SI - ✅,ADG32 6702 NFORNES SL,ADG32 6702 NFORNES SL,✅,ALUBIX SL,ALUBIX SL,✅,2025-11-26,2025-11-26,✅,2025/00021,2025/00021,✅,4675.44,4675.44,✅
551281,2025-12-19,SI - ✅,SI - ✅,ADG32 6702 NFORNES SL,ADG32 6702 NFORNES SL,✅,ROCALLA SA,ROCALLA SA,✅,2025-11-26,2025-11-26,✅,2025/00024,2025/00024,✅,3150.84,3150.84,✅
554367,2025-12-19,SI - ✅,SI - ✅,ADG32 6702 NFORNES SL,ADG32 6702 NFORNES SL,✅,ROCALLA SA,ROCALLA SA,✅,2025-12-03,2025-12-03,✅,2025/00026,2025/00026,✅,3358.96,3358.96,✅
554370,2025-12-19,SI - ✅,SI - ✅,ADG32 6702 NFORNES SL,ADG32 6702 NFORNES SL,✅,ALUBIX SL,ALUBIX SL,✅,2025-12-03,2025-12-03,✅,2025/00022,2025/00022,✅,4614.94,4614.94,✅
556810,2025-12-19,SI - ✅,SI - ✅,ADG32 6702 NFORNES SL,ADG32 6702 NFORNES SL,✅,ALUBIX SL,ALUBIX SL,✅,2025-12-10,2025-12-10,✅,2025/00023,2025/00023,✅,5094.1,5094.1,✅
556819,2025-12-19,SI - ✅,SI - ✅,ADG32 6702 NFORNES SL,ADG32 6702 NFORNES SL,✅,ROCALLA SA,ROCALLA SA,✅,2025-12-10,2025-12-10,✅,2025/00028,2025/00028,✅,3228.28,3228.28,✅
561110,2025-12-19,SI - ✅,SI - ✅,ADG32 6702 NFORNES SL,ADG32 6702 NFORNES SL,✅,ALUBIX SL,ALUBIX SL,✅,2025-12-18,2025-12-18,✅,2025/00027,2025/00027,✅,4692.38,4692.38,✅
561111,2025-12-19,SI - ✅,SI - ✅,ADG32 6702 NFORNES SL,ADG32 6702 NFORNES SL,✅,ROCALLA SA,ROCALLA SA,✅,2025-12-18,2025-12-18,✅,2025/00033,2025/00033,✅,0.0,3267.0,❌
535283,2025-12-19,SI - ✅,SI - ✅,ADG32 6706 NSUIYHI SL,ADG32 6706 NSUIYHI SL,✅,ALUBIX SL,ALUBIX SL,✅,2025-10-17,2025-10-17,✅,2025/00003,2025/00003,✅,849.42,849.42,✅
535302,2025-12-19,SI - ✅,SI - ✅,ADG32 6706 NSUIYHI SL,ADG32 6706 NSUIYHI SL,✅,ROCALLA SA,ROCALLA SA,✅,2025-10-17,2025-10-17,✅,2025/00002,2025/00002,✅,1582.68,1582.68,✅
537118,2025-12-19,SI - ✅,SI - ✅,ADG32 6706 NSUIYHI SL,ADG32 6706 NSUIYHI SL,✅,ALUBIX SL,ALUBIX SL,✅,2025-10-22,2025-10-22,✅,2025/00006,2025/00006,✅,3869.58,3869.58,✅
537121,2025-12-19,SI - ✅,SI - ✅,ADG32 6706 NSUIYHI SL,ADG32 6706 NSUIYHI SL,✅,ROCALLA SA,ROCALLA SA,✅,2025-10-22,2025-10-22,✅,2025/00004,2025/00004,✅,4464.9,4464.9,✅
540081,2025-12-19,SI - ✅,SI - ✅,ADG32 6706 NSUIYHI SL,ADG32 6706 NSUIYHI SL,✅,ALUBIX SL,ALUBIX SL,✅,2025-10-29,2025-10-29,✅,2025/00009,2025/00009,✅,3862.32,3862.32,✅
540084,2025-12-19,SI - ✅,SI - ✅,ADG32 6706 NSUIYHI SL,ADG32 6706 NSUIYHI SL,✅,ROCALLA SA,ROCALLA SA,✅,2025-10-29,2025-10-29,✅,2025/00007,2025/00007,✅,4123.68,4123.68,✅
542292,2025-12-19,SI - ✅,SI - ✅,ADG32 6706 NSUIYHI SL,ADG32 6706 NSUIYHI SL,✅,ALUBIX SL,ALUBIX SL,✅,2025-11-05,2025-11-05,✅,2025/00014,2025/00014,✅,4486.68,4486.68,✅
542296,2025-12-19,SI - ✅,SI - ✅,ADG32 6706 NSUIYHI SL,ADG32 6706 NSUIYHI SL,✅,ROCALLA SA,ROCALLA SA,✅,2025-11-05,2025-11-05,✅,2025/00011,2025/00011,✅,3477.54,3477.54,✅
545010,2025-12-19,SI - ✅,SI - ✅,ADG32 6706 NSUIYHI SL,ADG32 6706 NSUIYHI SL,✅,ROCALLA SA,ROCALLA SA,✅,2025-11-12,2025-11-12,✅,2025/00012,2025/00012,✅,4268.88,4268.88,✅
545014,2025-12-19,SI - ✅,SI - ✅,ADG32 6706 NSUIYHI SL,ADG32 6706 NSUIYHI SL,✅,ALUBIX SL,ALUBIX SL,✅,2025-11-12,2025-11-12,✅,2025/00017,2025/00017,✅,4094.64,4094.64,✅
547890,2025-12-19,SI - ✅,SI - ✅,ADG32 6706 NSUIYHI SL,ADG32 6706 NSUIYHI SL,✅,ALUBIX SL,ALUBIX SL,✅,2025-11-19,2025-11-19,✅,2025/00020,2025/00020,✅,4297.92,4297.92,✅
547893,2025-12-19,SI - ✅,SI - ✅,ADG32 6706 NSUIYHI SL,ADG32 6706 NSUIYHI SL,✅,ROCALLA SA,ROCALLA SA,✅,2025-11-19,2025-11-19,✅,2025/00014,2025/00014,✅,3659.04,3659.04,✅
551235,2025-12-19,SI - ✅,SI - ✅,ADG32 6706 NSUIYHI SL,ADG32 6706 NSUIYHI SL,✅,ALUBIX SL,ALUBIX SL,✅,2025-11-26,2025-11-26,✅,2025/00023,2025/00023,✅,4646.4,4646.4,✅
551237,2025-12-19,SI - ✅,SI - ✅,ADG32 6706 NSUIYHI SL,ADG32 6706 NSUIYHI SL,✅,ROCALLA SA,ROCALLA SA,✅,2025-11-26,2025-11-26,✅,2025/00019,2025/00019,✅,4414.08,4414.08,✅
554393,2025-12-19,SI - ✅,SI - ✅,ADG32 6706 NSUIYHI SL,ADG32 6706 NSUIYHI SL,✅,ALUBIX SL,ALUBIX SL,✅,2025-12-03,2025-12-03,✅,2025/00026,2025/00026,✅,3731.64,3731.64,✅
554394,2025-12-19,SI - ✅,SI - ✅,ADG32 6706 NSUIYHI SL,ADG32 6706 NSUIYHI SL,✅,ROCALLA SA,ROCALLA SA,✅,2025-12-03,2025-12-03,✅,2025/00020,2025/00020,✅,4443.12,4443.12,✅
556824,2025-12-19,SI - ✅,SI - ✅,ADG32 6706 NSUIYHI SL,ADG32 6706 NSUIYHI SL,✅,ALUBIX SL,ALUBIX SL,✅,2025-12-10,2025-12-10,✅,2025/00029,2025/00029,✅,3615.48,3615.48,✅
556826,2025-12-19,SI - ✅,SI - ✅,ADG32 6706 NSUIYHI SL,ADG32 6706 NSUIYHI SL,✅,ROCALLA SA,ROCALLA SA,✅,2025-12-10,2025-12-10,✅,2025/00022,2025/00022,✅,4014.78,4014.78,✅
561004,2025-12-19,SI - ✅,SI - ✅,ADG32 6706 NSUIYHI SL,ADG32 6706 NSUIYHI SL,✅,ALUBIX SL,ALUBIX SL,✅,2025-12-18,2025-12-19,❌,2025/00036,2025/00036,✅,3332.34,3259.74,❌
561005,2025-12-19,SI - ✅,SI - ✅,ADG32 6706 NSUIYHI SL,ADG32 6706 NSUIYHI SL,✅,ROCALLA SA,ROCALLA SA,✅,2025-12-18,2025-12-19,❌,2025/00024,2025/00024,✅,3346.86,3346.86,✅
561044,2025-12-19,SI - ✅,SI - ✅,ADG32 6706 NSUIYHI SL,ADG32 6706 NSUIYHI SL,✅,ALUBIX SL,ALUBIX SL,✅,2025-12-18,2025-12-19,❌,2025/00034,2025/00034,✅,72.6,72.6,✅
535286,2025-12-19,SI - ✅,SI - ✅,ADG32 6707 MOUAZINE SL,ADG32 6707 MOUAZINE SL,✅,ALUBIX SL,ALUBIX SL,✅,2025-10-17,2025-10-17,✅,2025/00003,2025/00003,✅,1323.74,1323.74,✅
535292,2025-12-19,SI - ✅,SI - ✅,ADG32 6707 MOUAZINE SL,ADG32 6707 MOUAZINE SL,✅,ROCALLA SA,ROCALLA SA,✅,2025-10-17,2025-10-17,✅,2025/00004,2025/00004,✅,1408.44,1408.44,✅
537117,2025-12-19,SI - ✅,SI - ✅,ADG32 6707 MOUAZINE SL,ADG32 6707 MOUAZINE SL,✅,ALUBIX SL,ALUBIX SL,✅,2025-10-22,2025-10-22,✅,2025/00007,2025/00007,✅,4293.08,4293.08,✅
537120,2025-12-19,SI - ✅,SI - ✅,ADG32 6707 MOUAZINE SL,ADG32 6707 MOUAZINE SL,✅,ROCALLA SA,ROCALLA SA,✅,2025-10-22,2025-10-22,✅,2025/00009,2025/00009,✅,4421.34,4421.34,✅
540095,2025-12-19,SI - ✅,SI - ✅,ADG32 6707 MOUAZINE SL,ADG32 6707 MOUAZINE SL,✅,ALUBIX SL,ALUBIX SL,✅,2025-10-29,2025-10-29,✅,2025/00012,2025/00012,✅,4135.78,4135.78,✅
540100,2025-12-19,SI - ✅,SI - ✅,ADG32 6707 MOUAZINE SL,ADG32 6707 MOUAZINE SL,✅,ROCALLA SA,ROCALLA SA,✅,2025-10-29,2025-10-29,✅,2025/00014,2025/00014,✅,4145.46,4145.46,✅
542288,2025-12-19,SI - ✅,SI - ✅,ADG32 6707 MOUAZINE SL,ADG32 6707 MOUAZINE SL,✅,ALUBIX SL,ALUBIX SL,✅,2025-11-05,2025-11-05,✅,2025/00017,2025/00017,✅,3947.02,3947.02,✅
542298,2025-12-19,SI - ✅,SI - ✅,ADG32 6707 MOUAZINE SL,ADG32 6707 MOUAZINE SL,✅,ROCALLA SA,ROCALLA SA,✅,2025-11-05,2025-11-05,✅,2025/00017,2025/00017,✅,4094.64,4094.64,✅
546110,2025-12-19,SI - ✅,SI - ✅,ADG32 6707 MOUAZINE SL,ADG32 6707 MOUAZINE SL,✅,ALUBIX SL,ALUBIX SL,✅,2025-11-13,2025-11-13,✅,2025/00020,2025/00020,✅,3821.18,3821.18,✅
546111,2025-12-19,SI - ✅,SI - ✅,ADG32 6707 MOUAZINE SL,ADG32 6707 MOUAZINE SL,✅,ROCALLA SA,ROCALLA SA,✅,2025-11-13,2025-11-13,✅,2025/00020,2025/00020,✅,3930.08,3930.08,✅
547926,2025-12-19,SI - ✅,SI - ✅,ADG32 6707 MOUAZINE SL,ADG32 6707 MOUAZINE SL,✅,ROCALLA SA,ROCALLA SA,✅,2025-11-19,2025-11-19,✅,2025/00022,2025/00022,✅,3888.94,3888.94,✅
547927,2025-12-19,SI - ✅,SI - ✅,ADG32 6707 MOUAZINE SL,ADG32 6707 MOUAZINE SL,✅,ALUBIX SL,ALUBIX SL,✅,2025-11-19,2025-11-19,✅,2025/00021,2025/00021,✅,3821.18,3821.18,✅
551207,2025-12-19,SI - ✅,SI - ✅,ADG32 6707 MOUAZINE SL,ADG32 6707 MOUAZINE SL,✅,ALUBIX SL,ALUBIX SL,✅,2025-11-26,2025-11-26,✅,2025/00025,2025/00025,✅,4087.38,4087.38,✅
551214,2025-12-19,SI - ✅,SI - ✅,ADG32 6707 MOUAZINE SL,ADG32 6707 MOUAZINE SL,✅,ROCALLA SA,ROCALLA SA,✅,2025-11-26,2025-11-26,✅,2025/00024,2025/00024,✅,4038.98,4038.98,✅
554319,2025-12-19,SI - ✅,SI - ✅,ADG32 6707 MOUAZINE SL,ADG32 6707 MOUAZINE SL,✅,ROCALLA SA,ROCALLA SA,✅,2025-12-03,2025-12-03,✅,2025/00028,2025/00028,✅,4014.78,4014.78,✅
554373,2025-12-19,SI - ✅,SI - ✅,ADG32 6707 MOUAZINE SL,ADG32 6707 MOUAZINE SL,✅,ALUBIX SL,ALUBIX SL,✅,2025-12-03,2025-12-03,✅,2025/00029,2025/00029,✅,4026.88,4026.88,✅
556885,2025-12-19,SI - ✅,SI - ✅,ADG32 6707 MOUAZINE SL,ADG32 6707 MOUAZINE SL,✅,ALUBIX SL,ALUBIX SL,✅,2025-12-10,2025-12-10,✅,2025/00031,2025/00031,✅,4290.66,4290.66,✅
556887,2025-12-19,SI - ✅,SI - ✅,ADG32 6707 MOUAZINE SL,ADG32 6707 MOUAZINE SL,✅,ROCALLA SA,ROCALLA SA,✅,2025-12-10,2025-12-10,✅,2025/00031,2025/00031,✅,3961.54,3961.54,✅
561003,2025-12-19,SI - ✅,SI - ✅,ADG32 6707 MOUAZINE SL,ADG32 6707 MOUAZINE SL,✅,ALUBIX SL,ROCALLA SA,❌,2025-12-18,2025-12-18,✅,2025/00033,2025/00036,❌,4205.96,4433.44,❌
561003,2025-12-19,SI - ✅,SI - ✅,ADG32 6707 MOUAZINE SL,ADG32 6707 MOUAZINE SL,✅,ALUBIX SL,ALUBIX SL,✅,2025-12-18,2025-12-18,✅,2025/00033,2025/00033,✅,4205.96,4205.96,✅
561006,2025-12-19,SI - ✅,SI - ✅,ADG32 6707 MOUAZINE SL,,❌,ROCALLA SA,,❌,2025-12-18,,❌,2025/00036,,❌,4433.44,,❌
535289,2025-12-19,SI - ✅,SI - ✅,ADG32 6734 LABOLAFIO SL,ADG32 6734 LABOLAFIO SL,✅,ALUBIX SL,ALUBIX SL,✅,2025-10-17,2025-10-17,✅,2025/00001,2025/00001,✅,1638.34,1638.34,✅
535311,2025-12-19,SI - ✅,SI - ✅,ADG32 6734 LABOLAFIO SL,ADG32 6734 LABOLAFIO SL,✅,ROCALLA SA,ROCALLA SA,✅,2025-10-17,2025-10-17,✅,2025/00003,2025/00003,✅,0.0,1089.0,❌
537776,2025-12-19,SI - ✅,SI - ✅,ADG32 6734 LABOLAFIO SL,ADG32 6734 LABOLAFIO SL,✅,ALUBIX SL,ALUBIX SL,✅,2025-10-23,2025-10-23,✅,2025/00002,2025/00002,✅,4704.48,4704.48,✅
537778,2025-12-19,SI - ✅,SI - ✅,ADG32 6734 LABOLAFIO SL,ADG32 6734 LABOLAFIO SL,✅,ROCALLA SA,ROCALLA SA,✅,2025-10-23,2025-10-23,✅,2025/00006,2025/00006,✅,3315.4,3315.4,✅
540135,2025-12-19,SI - ✅,SI - ✅,ADG32 6734 LABOLAFIO SL,ADG32 6734 LABOLAFIO SL,✅,ALUBIX SL,ALUBIX SL,✅,2025-10-29,2025-10-29,✅,2025/00007,2025/00007,✅,4481.84,4481.84,✅
540136,2025-12-19,SI - ✅,SI - ✅,ADG32 6734 LABOLAFIO SL,ADG32 6734 LABOLAFIO SL,✅,ROCALLA SA,ROCALLA SA,✅,2025-10-29,2025-10-29,✅,2025/00010,2025/00010,✅,3000.8,3000.8,✅
542340,2025-12-19,SI - ✅,SI - ✅,ADG32 6734 LABOLAFIO SL,ADG32 6734 LABOLAFIO SL,✅,ALUBIX SL,ALUBIX SL,✅,2025-11-05,2025-11-05,✅,2025/00008,2025/00008,✅,5164.28,5164.28,✅
542341,2025-12-19,SI - ✅,SI - ✅,ADG32 6734 LABOLAFIO SL,ADG32 6734 LABOLAFIO SL,✅,ROCALLA SA,ROCALLA SA,✅,2025-11-05,2025-11-05,✅,2025/00014,2025/00014,✅,3521.1,3521.1,✅
545007,2025-12-19,SI - ✅,SI - ✅,ADG32 6734 LABOLAFIO SL,ADG32 6734 LABOLAFIO SL,✅,ALUBIX SL,ALUBIX SL,✅,2025-11-12,2025-11-12,✅,2025/00010,2025/00010,✅,4694.8,4694.8,✅
545011,2025-12-19,SI - ✅,SI - ✅,ADG32 6734 LABOLAFIO SL,ADG32 6734 LABOLAFIO SL,✅,ROCALLA SA,ROCALLA SA,✅,2025-11-12,2025-11-12,✅,2025/00019,2025/00019,✅,3273.05,3273.05,✅
548618,2025-12-19,SI - ✅,SI - ✅,ADG32 6734 LABOLAFIO SL,ADG32 6734 LABOLAFIO SL,✅,ALUBIX SL,ALUBIX SL,✅,2025-11-20,2025-11-20,✅,2025/00014,2025/00014,✅,5103.78,5103.78,✅
548619,2025-12-19,SI - ✅,SI - ✅,ADG32 6734 LABOLAFIO SL,ADG32 6734 LABOLAFIO SL,✅,ROCALLA SA,ROCALLA SA,✅,2025-11-20,2025-11-20,✅,2025/00020,2025/00020,✅,3067.35,3067.35,✅
551239,2025-12-19,SI - ✅,SI - ✅,ADG32 6734 LABOLAFIO SL,ADG32 6734 LABOLAFIO SL,✅,ALUBIX SL,ALUBIX SL,✅,2025-11-26,2025-11-26,✅,2025/00019,2025/00019,✅,5055.38,5055.38,✅
551242,2025-12-19,SI - ✅,SI - ✅,ADG32 6734 LABOLAFIO SL,ADG32 6734 LABOLAFIO SL,✅,ROCALLA SA,ROCALLA SA,✅,2025-11-26,2025-11-26,✅,2025/00021,2025/00021,✅,3763.1,3763.1,✅
551322,2025-12-19,SI - ✅,SI - ✅,ADG32 6734 LABOLAFIO SL,ADG32 6734 LABOLAFIO SL,✅,ALUBIX SL,ALUBIX SL,✅,2025-11-26,2025-11-26,✅,2025/00020,2025/00020,✅,522.72,522.72,✅
554320,2025-12-19,SI - ✅,SI - ✅,ADG32 6734 LABOLAFIO SL,ADG32 6734 LABOLAFIO SL,✅,ALUBIX SL,ALUBIX SL,✅,2025-12-03,2025-12-03,✅,2025/00024,2025/00024,✅,4549.6,4549.6,✅
554322,2025-12-19,SI - ✅,SI - ✅,ADG32 6734 LABOLAFIO SL,ADG32 6734 LABOLAFIO SL,✅,ROCALLA SA,ROCALLA SA,✅,2025-12-03,2025-12-03,✅,2025/00022,2025/00022,✅,3557.4,3557.4,✅
556830,2025-12-19,SI - ✅,SI - ✅,ADG32 6734 LABOLAFIO SL,ADG32 6734 LABOLAFIO SL,✅,ALUBIX SL,ALUBIX SL,✅,2025-12-10,2025-12-10,✅,2025/00025,2025/00025,✅,5052.96,5052.96,✅
556836,2025-12-19,SI - ✅,SI - ✅,ADG32 6734 LABOLAFIO SL,ADG32 6734 LABOLAFIO SL,✅,ROCALLA SA,ROCALLA SA,✅,2025-12-10,2025-12-10,✅,2025/00026,2025/00026,✅,0.0,3267.0,❌
560857,2025-12-19,SI - ✅,SI - ✅,ADG32 6734 LABOLAFIO SL,ADG32 6734 LABOLAFIO SL,✅,ALUBIX SL,ALUBIX SL,✅,2025-12-17,2025-12-17,✅,2025/00026,2025/00026,✅,4510.88,4510.88,✅
560858,2025-12-19,SI - ✅,SI - ✅,ADG32 6734 LABOLAFIO SL,ADG32 6734 LABOLAFIO SL,✅,ROCALLA SA,ROCALLA SA,✅,2025-12-17,2025-12-17,✅,2025/00031,2025/00031,✅,3236.75,3236.75,✅
535290,2025-12-19,SI - ✅,SI - ✅,ADG32 6746 ELLADO SL,ADG32 6746 ELLADO SL,✅,ALUBIX SL,ALUBIX SL,✅,2025-10-17,2025-10-17,✅,2025/00001,2025/00001,✅,1074.48,1074.48,✅
535301,2025-12-19,SI - ✅,SI - ✅,ADG32 6746 ELLADO SL,ADG32 6746 ELLADO SL,✅,ROCALLA SA,ROCALLA SA,✅,2025-10-17,2025-10-17,✅,2025/00002,2025/00002,✅,1422.96,1422.96,✅
537076,2025-12-19,SI - ✅,SI - ✅,ADG32 6746 ELLADO SL,ADG32 6746 ELLADO SL,✅,ALUBIX SL,ALUBIX SL,✅,2025-10-22,2025-10-22,✅,2025/00005,2025/00005,✅,3765.52,3765.52,✅
537079,2025-12-19,SI - ✅,SI - ✅,ADG32 6746 ELLADO SL,ADG32 6746 ELLADO SL,✅,ROCALLA SA,ROCALLA SA,✅,2025-10-22,2025-10-22,✅,2025/00004,2025/00004,✅,4639.14,4639.14,✅
540062,2025-12-19,SI - ✅,SI - ✅,ADG32 6746 ELLADO SL,ADG32 6746 ELLADO SL,✅,ROCALLA SA,ROCALLA SA,✅,2025-10-29,2025-10-29,✅,2025/00006,2025/00006,✅,4711.74,4711.74,✅
540063,2025-12-19,SI - ✅,SI - ✅,ADG32 6746 ELLADO SL,ADG32 6746 ELLADO SL,✅,ALUBIX SL,ALUBIX SL,✅,2025-10-29,2025-10-29,✅,2025/00008,2025/00008,✅,3494.48,3494.48,✅
542286,2025-12-19,SI - ✅,SI - ✅,ADG32 6746 ELLADO SL,ADG32 6746 ELLADO SL,✅,ALUBIX SL,ALUBIX SL,✅,2025-11-05,2025-11-05,✅,2025/00012,2025/00012,✅,3627.58,3627.58,✅
542289,2025-12-19,SI - ✅,SI - ✅,ADG32 6746 ELLADO SL,ADG32 6746 ELLADO SL,✅,ROCALLA SA,ROCALLA SA,✅,2025-11-05,2025-11-05,✅,2025/00010,2025/00010,✅,4227.74,4227.74,✅
544968,2025-12-19,SI - ✅,SI - ✅,ADG32 6746 ELLADO SL,ADG32 6746 ELLADO SL,✅,ALUBIX SL,ALUBIX SL,✅,2025-11-12,2025-11-12,✅,2025/00014,2025/00014,✅,3588.86,3588.86,✅
544970,2025-12-19,SI - ✅,SI - ✅,ADG32 6746 ELLADO SL,ADG32 6746 ELLADO SL,✅,ROCALLA SA,ROCALLA SA,✅,2025-11-12,2025-11-12,✅,2025/00013,2025/00013,✅,4480.63,4480.63,✅
547907,2025-12-19,SI - ✅,SI - ✅,ADG32 6746 ELLADO SL,ADG32 6746 ELLADO SL,✅,ALUBIX SL,ALUBIX SL,✅,2025-11-19,2025-11-19,✅,2025/00017,2025/00017,✅,3119.38,3119.38,✅
547908,2025-12-19,SI - ✅,SI - ✅,ADG32 6746 ELLADO SL,ADG32 6746 ELLADO SL,✅,ROCALLA SA,ROCALLA SA,✅,2025-11-19,2025-11-19,✅,2025/00018,2025/00018,✅,4341.48,4341.48,✅
551255,2025-12-19,SI - ✅,SI - ✅,ADG32 6746 ELLADO SL,ADG32 6746 ELLADO SL,✅,ROCALLA SA,ROCALLA SA,✅,2025-11-26,2025-11-26,✅,2025/00021,2025/00021,✅,4254.36,4254.36,✅
551258,2025-12-19,SI - ✅,SI - ✅,ADG32 6746 ELLADO SL,ADG32 6746 ELLADO SL,✅,ALUBIX SL,ALUBIX SL,✅,2025-11-26,2025-11-26,✅,2025/00023,2025/00023,✅,3075.82,3075.82,✅
551297,2025-12-19,SI - ✅,SI - ✅,ADG32 6746 ELLADO SL,ADG32 6746 ELLADO SL,✅,ALUBIX SL,ALUBIX SL,✅,2025-11-26,2025-11-26,✅,2025/00019,2025/00019,✅,36.3,36.3,✅
554296,2025-12-19,SI - ✅,SI - ✅,ADG32 6746 ELLADO SL,ADG32 6746 ELLADO SL,✅,ALUBIX SL,ALUBIX SL,✅,2025-12-03,2025-12-03,✅,2025/00027,2025/00027,✅,3569.5,3569.5,✅
554298,2025-12-19,SI - ✅,SI - ✅,ADG32 6746 ELLADO SL,ADG32 6746 ELLADO SL,✅,ROCALLA SA,ROCALLA SA,✅,2025-12-03,2025-12-03,✅,2025/00024,2025/00024,✅,4464.9,4464.9,✅
556829,2025-12-19,SI - ✅,SI - ✅,ADG32 6746 ELLADO SL,ADG32 6746 ELLADO SL,✅,ALUBIX SL,ALUBIX SL,✅,2025-12-10,2025-12-10,✅,2025/00030,2025/00030,✅,4157.56,4157.56,✅
556832,2025-12-19,SI - ✅,SI - ✅,ADG32 6746 ELLADO SL,ADG32 6746 ELLADO SL,✅,ROCALLA SA,ROCALLA SA,✅,2025-12-10,2025-12-10,✅,2025/00028,2025/00028,✅,4798.86,4798.86,✅
560800,2025-12-19,SI - ✅,SI - ✅,ADG32 6746 ELLADO SL,ADG32 6746 ELLADO SL,✅,ROCALLA SA,ROCALLA SA,✅,2025-12-17,2025-12-17,✅,2025/00032,2025/00032,✅,5154.6,5154.6,✅
560801,2025-12-19,SI - ✅,SI - ✅,ADG32 6746 ELLADO SL,ADG32 6746 ELLADO SL,✅,ALUBIX SL,ALUBIX SL,✅,2025-12-17,2025-12-17,✅,2025/00034,2025/00034,✅,3617.9,3617.9,✅
535277,2025-12-19,SI - ✅,SI - ✅,ADG32 6777 JGARCIA SL,ADG32 6777 JGARCIA SL,✅,ALUBIX SL,ALUBIX SL,✅,2025-10-17,2025-10-17,✅,2025/00005,2025/00005,✅,1476.2,1476.2,✅
535305,2025-12-19,SI - ✅,SI - ✅,ADG32 6777 JGARCIA SL,ADG32 6777 JGARCIA SL,✅,ROCALLA SA,ROCALLA SA,✅,2025-10-17,2025-10-17,✅,2025/00003,2025/00003,✅,1577.84,1577.84,✅
537194,2025-12-19,SI - ✅,SI - ✅,ADG32 6777 JGARCIA SL,ADG32 6777 JGARCIA SL,✅,ALUBIX SL,ALUBIX SL,✅,2025-10-22,2025-10-22,✅,2025/00009,2025/00009,✅,4036.56,4036.56,✅
537198,2025-12-19,SI - ✅,SI - ✅,ADG32 6777 JGARCIA SL,ADG32 6777 JGARCIA SL,✅,ROCALLA SA,ROCALLA SA,✅,2025-10-22,2025-10-22,✅,2025/00005,2025/00005,✅,3869.58,3869.58,✅
540075,2025-12-19,SI - ✅,SI - ✅,ADG32 6777 JGARCIA SL,ADG32 6777 JGARCIA SL,✅,ALUBIX SL,ALUBIX SL,✅,2025-10-29,2025-10-29,✅,2025/00012,2025/00012,✅,3976.06,3976.06,✅
540085,2025-12-19,SI - ✅,SI - ✅,ADG32 6777 JGARCIA SL,ADG32 6777 JGARCIA SL,✅,ROCALLA SA,ROCALLA SA,✅,2025-10-29,2025-10-29,✅,2025/00007,2025/00007,✅,4385.04,4385.04,✅
542309,2025-12-19,SI - ✅,SI - ✅,ADG32 6777 JGARCIA SL,ADG32 6777 JGARCIA SL,✅,ALUBIX SL,ALUBIX SL,✅,2025-11-05,2025-11-05,✅,2025/00015,2025/00015,✅,3492.06,3492.06,✅
542314,2025-12-19,SI - ✅,SI - ✅,ADG32 6777 JGARCIA SL,ADG32 6777 JGARCIA SL,✅,ROCALLA SA,ROCALLA SA,✅,2025-11-05,2025-11-05,✅,2025/00008,2025/00008,✅,4031.72,4031.72,✅
544969,2025-12-19,SI - ✅,SI - ✅,ADG32 6777 JGARCIA SL,ADG32 6777 JGARCIA SL,✅,ALUBIX SL,ALUBIX SL,✅,2025-11-12,2025-11-12,✅,2025/00017,2025/00017,✅,4097.06,4097.06,✅
544971,2025-12-19,SI - ✅,SI - ✅,ADG32 6777 JGARCIA SL,ADG32 6777 JGARCIA SL,✅,ROCALLA SA,ROCALLA SA,✅,2025-11-12,2025-11-12,✅,2025/00012,2025/00012,✅,3901.04,3901.04,✅
547910,2025-12-19,SI - ✅,SI - ✅,ADG32 6777 JGARCIA SL,ADG32 6777 JGARCIA SL,✅,ALUBIX SL,ALUBIX SL,✅,2025-11-19,2025-11-19,✅,2025/00019,2025/00019,✅,4266.46,4266.46,✅
547913,2025-12-19,SI - ✅,SI - ✅,ADG32 6777 JGARCIA SL,ADG32 6777 JGARCIA SL,✅,ROCALLA SA,ROCALLA SA,✅,2025-11-19,2025-11-19,✅,2025/00015,2025/00015,✅,4259.2,4259.2,✅
551269,2025-12-19,SI - ✅,SI - ✅,ADG32 6777 JGARCIA SL,ADG32 6777 JGARCIA SL,✅,ALUBIX SL,ALUBIX SL,✅,2025-11-26,2025-11-26,✅,2025/00021,2025/00021,✅,3939.76,3939.76,✅
551274,2025-12-19,SI - ✅,SI - ✅,ADG32 6777 JGARCIA SL,ADG32 6777 JGARCIA SL,✅,ROCALLA SA,ROCALLA SA,✅,2025-11-26,2025-11-26,✅,2025/00016,2025/00016,✅,4293.08,4293.08,✅
554279,2025-12-19,SI - ✅,SI - ✅,ADG32 6777 JGARCIA SL,ADG32 6777 JGARCIA SL,✅,ALUBIX SL,ALUBIX SL,✅,2025-12-03,2025-12-03,✅,2025/00024,2025/00024,✅,3782.46,3782.46,✅
554284,2025-12-19,SI - ✅,SI - ✅,ADG32 6777 JGARCIA SL,ADG32 6777 JGARCIA SL,✅,ROCALLA SA,ROCALLA SA,✅,2025-12-03,2025-12-03,✅,2025/00017,2025/00017,✅,3639.68,3639.68,✅
556840,2025-12-19,SI - ✅,SI - ✅,ADG32 6777 JGARCIA SL,ADG32 6777 JGARCIA SL,✅,ALUBIX SL,ALUBIX SL,✅,2025-12-10,2025-12-10,✅,2025/00027,2025/00027,✅,3927.66,3927.66,✅
556842,2025-12-19,SI - ✅,SI - ✅,ADG32 6777 JGARCIA SL,ADG32 6777 JGARCIA SL,✅,ROCALLA SA,ROCALLA SA,✅,2025-12-10,2025-12-10,✅,2025/00019,2025/00019,✅,3736.48,3736.48,✅
561008,2025-12-19,SI - ✅,SI - ✅,ADG32 6777 JGARCIA SL,ADG32 6777 JGARCIA SL,✅,ALUBIX SL,ALUBIX SL,✅,2025-12-18,2025-12-18,✅,2025/00029,2025/00029,✅,2991.12,2991.12,✅
561010,2025-12-19,SI - ✅,SI - ✅,ADG32 6777 JGARCIA SL,ADG32 6777 JGARCIA SL,✅,ROCALLA SA,ROCALLA SA,✅,2025-12-18,2025-12-18,✅,2025/00023,2025/00023,✅,4256.78,4256.78,✅
561428,2025-12-19,NO - ❌,SI - ✅,ADG32 6777 JGARCIA SL,,✅,ALUBIX SL,,✅,2025-12-19,,❌,2025/00033,,✅,992.2,,✅
561429,2025-12-19,NO - ❌,SI - ✅,ADG32 6777 JGARCIA SL,,✅,ROCALLA SA,,✅,2025-12-19,,❌,2025/00024,,✅,1602.04,,✅
535279,2025-12-19,SI - ✅,SI - ✅,ADG32 6844 TTRAMULLAS SL,ADG32 6844 TTRAMULLAS SL,✅,ALUBIX SL,ALUBIX SL,✅,2025-10-17,2025-10-17,✅,2025/00001,2025/00001,✅,1488.3,1488.3,✅
535297,2025-12-19,SI - ✅,SI - ✅,ADG32 6844 TTRAMULLAS SL,ADG32 6844 TTRAMULLAS SL,✅,ROCALLA SA,ROCALLA SA,✅,2025-10-17,2025-10-17,✅,2025/00002,2025/00002,✅,1205.16,1205.16,✅
537107,2025-12-19,SI - ✅,SI - ✅,ADG32 6844 TTRAMULLAS SL,ADG32 6844 TTRAMULLAS SL,✅,ALUBIX SL,ALUBIX SL,✅,2025-10-22,2025-10-22,✅,2025/00005,2025/00005,✅,6824.4,6824.4,✅
537110,2025-12-19,SI - ✅,SI - ✅,ADG32 6844 TTRAMULLAS SL,ADG32 6844 TTRAMULLAS SL,✅,ROCALLA SA,ROCALLA SA,✅,2025-10-22,2025-10-22,✅,2025/00003,2025/00003,✅,3550.14,3550.14,✅
540068,2025-12-19,SI - ✅,SI - ✅,ADG32 6844 TTRAMULLAS SL,ADG32 6844 TTRAMULLAS SL,✅,ALUBIX SL,ALUBIX SL,✅,2025-10-29,2025-10-29,✅,2025/00007,2025/00007,✅,2432.1,2432.1,✅
540071,2025-12-19,SI - ✅,SI - ✅,ADG32 6844 TTRAMULLAS SL,ADG32 6844 TTRAMULLAS SL,✅,ROCALLA SA,ROCALLA SA,✅,2025-10-29,2025-10-29,✅,2025/00006,2025/00006,✅,3315.4,3315.4,✅
542294,2025-12-19,SI - ✅,SI - ✅,ADG32 6844 TTRAMULLAS SL,ADG32 6844 TTRAMULLAS SL,✅,ALUBIX SL,ALUBIX SL,✅,2025-11-05,2025-11-05,✅,2025/00011,2025/00011,✅,4731.1,4731.1,✅
542295,2025-12-19,SI - ✅,SI - ✅,ADG32 6844 TTRAMULLAS SL,ADG32 6844 TTRAMULLAS SL,✅,ROCALLA SA,ROCALLA SA,✅,2025-11-05,2025-11-05,✅,2025/00009,2025/00009,✅,3396.47,3396.47,✅
545009,2025-12-19,SI - ✅,SI - ✅,ADG32 6844 TTRAMULLAS SL,ADG32 6844 TTRAMULLAS SL,✅,ALUBIX SL,ALUBIX SL,✅,2025-11-12,2025-11-12,✅,2025/00012,2025/00012,✅,4634.3,4634.3,✅
545013,2025-12-19,SI - ✅,SI - ✅,ADG32 6844 TTRAMULLAS SL,ADG32 6844 TTRAMULLAS SL,✅,ROCALLA SA,ROCALLA SA,✅,2025-11-12,2025-11-12,✅,2025/00013,2025/00013,✅,3512.63,3512.63,✅
547930,2025-12-19,SI - ✅,SI - ✅,ADG32 6844 TTRAMULLAS SL,ADG32 6844 TTRAMULLAS SL,✅,ALUBIX SL,ALUBIX SL,✅,2025-11-19,2025-11-19,✅,2025/00014,2025/00014,✅,4900.5,4900.5,✅
547932,2025-12-19,SI - ✅,SI - ✅,ADG32 6844 TTRAMULLAS SL,ADG32 6844 TTRAMULLAS SL,✅,ROCALLA SA,ROCALLA SA,✅,2025-11-19,2025-11-19,✅,2025/00015,2025/00015,✅,4014.78,4014.78,✅
551230,2025-12-19,SI - ✅,SI - ✅,ADG32 6844 TTRAMULLAS SL,ADG32 6844 TTRAMULLAS SL,✅,ALUBIX SL,ALUBIX SL,✅,2025-11-26,2025-11-26,✅,2025/00017,2025/00017,✅,3847.8,3847.8,✅
551233,2025-12-19,SI - ✅,SI - ✅,ADG32 6844 TTRAMULLAS SL,ADG32 6844 TTRAMULLAS SL,✅,ROCALLA SA,ROCALLA SA,✅,2025-11-26,2025-11-26,✅,2025/00019,2025/00019,✅,2965.71,2965.71,✅
555605,2025-12-19,SI - ✅,SI - ✅,ADG32 6844 TTRAMULLAS SL,ADG32 6844 TTRAMULLAS SL,✅,ALUBIX SL,ALUBIX SL,✅,2025-12-05,2025-12-05,✅,2025/00021,2025/00021,✅,5336.1,5336.1,✅
555606,2025-12-19,SI - ✅,SI - ✅,ADG32 6844 TTRAMULLAS SL,ADG32 6844 TTRAMULLAS SL,✅,ROCALLA SA,ROCALLA SA,✅,2025-12-05,2025-12-05,✅,2025/00020,2025/00020,✅,3587.65,3587.65,✅
556831,2025-12-19,SI - ✅,SI - ✅,ADG32 6844 TTRAMULLAS SL,ADG32 6844 TTRAMULLAS SL,✅,ALUBIX SL,ALUBIX SL,✅,2025-12-10,2025-12-10,✅,2025/00025,2025/00025,✅,4876.3,4876.3,✅
556833,2025-12-19,SI - ✅,SI - ✅,ADG32 6844 TTRAMULLAS SL,ADG32 6844 TTRAMULLAS SL,✅,ROCALLA SA,ROCALLA SA,✅,2025-12-10,2025-12-10,✅,2025/00022,2025/00022,✅,3421.88,3421.88,✅
561458,2025-12-19,NO - ❌,SI - ✅,ADG32 6844 TTRAMULLAS SL,,✅,ALUBIX SL,,✅,2025-12-19,,❌,2025/00028,,✅,5832.2,,✅
561461,2025-12-19,NO - ❌,SI - ✅,ADG32 6844 TTRAMULLAS SL,,✅,ROCALLA SA,,✅,2025-12-19,,❌,2025/00025,,✅,2971.76,,✅
