Num. Comanda compra,Real Empresa,Alumn@ Empresa,Empreses ==,Real Proveïdor,Alumn@ Proveïdor,Proveïdors ==,Real Data emisió,Alumn@ Data emisió,Dates emisió ==,Real Num. Comanda,Alumn@ Num. Comanda,Num. Albarà ==,Real Import,Alumn@ Import,Import ==,Estat Albarà,Estat Albarà OK
535275,ADG32 5796 NSACARES SL,ADG32 5796 NSACARES SL,✅,ALUBIX SL,ALUBIX SL,✅,2025-10-17,2025-10-17,✅,1,1,✅,1130.14,1130.14,✅,Hecho,✅
535296,ADG32 5796 NSACARES SL,ADG32 5796 NSACARES SL,✅,ROCALLA SA,ROCALLA SA,✅,2025-10-17,2025-10-17,✅,5,5,✅,1314.06,1314.06,✅,Hecho,✅
537495,ADG32 5796 NSACARES SL,ADG32 5796 NSACARES SL,✅,ALUBIX SL,ALUBIX SL,✅,2025-10-22,2025-10-22,✅,10,10,✅,3714.7,3714.7,✅,Hecho,✅
537501,ADG32 5796 NSACARES SL,ADG32 5796 NSACARES SL,✅,ROCALLA SA,ROCALLA SA,✅,2025-10-22,2025-10-22,✅,10,10,✅,4319.7,4319.7,✅,Hecho,✅
540082,ADG32 5796 NSACARES SL,ADG32 5796 NSACARES SL,✅,ALUBIX SL,ALUBIX SL,✅,2025-10-29,2025-10-29,✅,13,13,✅,3780.04,3780.04,✅,Hecho,✅
540087,ADG32 5796 NSACARES SL,ADG32 5796 NSACARES SL,✅,ROCALLA SA,ROCALLA SA,✅,2025-10-29,2025-10-29,✅,15,15,✅,4126.1,4126.1,✅,Hecho,✅
542282,ADG32 5796 NSACARES SL,ADG32 5796 NSACARES SL,✅,ALUBIX SL,ALUBIX SL,✅,2025-11-05,2025-11-05,✅,17,17,✅,3523.52,3523.52,✅,Hecho,✅
542284,ADG32 5796 NSACARES SL,ADG32 5796 NSACARES SL,✅,ROCALLA SA,ROCALLA SA,✅,2025-11-05,2025-11-05,✅,17,17,✅,4467.32,4467.32,✅,Hecho,✅
544978,ADG32 5796 NSACARES SL,ADG32 5796 NSACARES SL,✅,ALUBIX SL,ALUBIX SL,✅,2025-11-12,2025-11-12,✅,20,20,✅,4038.98,4038.98,✅,Hecho,✅
544979,ADG32 5796 NSACARES SL,ADG32 5796 NSACARES SL,✅,ROCALLA SA,ROCALLA SA,✅,2025-11-12,2025-11-12,✅,18,18,✅,4481.84,4481.84,✅,Hecho,✅
547874,ADG32 5796 NSACARES SL,ADG32 5796 NSACARES SL,✅,ALUBIX SL,ALUBIX SL,✅,2025-11-19,2025-11-19,✅,22,22,✅,3518.68,3518.68,✅,Hecho,✅
547875,ADG32 5796 NSACARES SL,ADG32 5796 NSACARES SL,✅,ROCALLA SA,ROCALLA SA,✅,2025-11-19,2025-11-19,✅,22,22,✅,3574.34,3574.34,✅,Hecho,✅
551183,ADG32 5796 NSACARES SL,ADG32 5796 NSACARES SL,✅,ALUBIX SL,ALUBIX SL,✅,2025-11-26,2025-11-26,✅,23,23,✅,3695.34,3695.34,✅,Hecho,✅
551187,ADG32 5796 NSACARES SL,ADG32 5796 NSACARES SL,✅,ROCALLA SA,ROCALLA SA,✅,2025-11-26,2025-11-26,✅,27,27,✅,3947.02,3947.02,✅,Hecho,✅
554187,ADG32 5796 NSACARES SL,ADG32 5796 NSACARES SL,✅,ALUBIX SL,ALUBIX SL,✅,2025-12-03,2025-12-03,✅,27,27,✅,3605.8,3605.8,✅,Hecho,✅
554188,ADG32 5796 NSACARES SL,ADG32 5796 NSACARES SL,✅,ROCALLA SA,ROCALLA SA,✅,2025-12-03,2025-12-03,✅,31,31,✅,4157.56,4157.56,✅,Hecho,✅
556692,ADG32 5796 NSACARES SL,ADG32 5796 NSACARES SL,✅,ALUBIX SL,ALUBIX SL,✅,2025-12-10,2025-12-10,✅,30,30,✅,3780.04,3780.04,✅,Hecho,✅
556693,ADG32 5796 NSACARES SL,ADG32 5796 NSACARES SL,✅,ROCALLA SA,ROCALLA SA,✅,2025-12-10,2025-12-10,✅,32,32,✅,4414.08,4414.08,✅,Hecho,✅
560877,ADG32 5796 NSACARES SL,ADG32 5796 NSACARES SL,✅,ALUBIX SL,ALUBIX SL,✅,2025-12-17,2025-12-17,✅,33,33,✅,3927.66,3927.66,✅,Hecho,✅
560878,ADG32 5796 NSACARES SL,ADG32 5796 NSACARES SL,✅,ROCALLA SA,ROCALLA SA,✅,2025-12-17,2025-12-17,✅,35,35,✅,4307.6,4307.6,✅,Hecho,✅
535282,ADG32 6265 SMORENO SL,ADG32 6265 SMORENO SL,✅,ALUBIX SL,ALUBIX SL,✅,2025-10-17,2025-10-17,✅,5,5,✅,1274.13,1274.13,✅,Hecho,✅
535304,ADG32 6265 SMORENO SL,ADG32 6265 SMORENO SL,✅,ROCALLA SA,ROCALLA SA,✅,2025-10-17,2025-10-17,✅,2,2,✅,1231.78,1231.78,✅,Hecho,✅
537485,ADG32 6265 SMORENO SL,ADG32 6265 SMORENO SL,✅,ALUBIX SL,ALUBIX SL,✅,2025-10-22,2025-10-22,✅,6,6,✅,3816.34,3816.34,✅,Hecho,✅
537489,ADG32 6265 SMORENO SL,ADG32 6265 SMORENO SL,✅,ROCALLA SA,ROCALLA SA,✅,2025-10-22,2025-10-22,✅,7,7,✅,4205.96,4205.96,✅,Hecho,✅
540079,ADG32 6265 SMORENO SL,ADG32 6265 SMORENO SL,✅,ALUBIX SL,ALUBIX SL,✅,2025-10-29,2025-10-29,✅,11,11,✅,3764.31,3764.31,✅,Hecho,✅
540091,ADG32 6265 SMORENO SL,ADG32 6265 SMORENO SL,✅,ROCALLA SA,ROCALLA SA,✅,2025-10-29,2025-10-29,✅,9,9,✅,3963.96,3963.96,✅,Hecho,✅
542308,ADG32 6265 SMORENO SL,ADG32 6265 SMORENO SL,✅,ALUBIX SL,ALUBIX SL,✅,2025-11-05,2025-11-05,✅,13,13,✅,4164.82,4164.82,✅,Hecho,✅
542324,ADG32 6265 SMORENO SL,ADG32 6265 SMORENO SL,✅,ROCALLA SA,ROCALLA SA,✅,2025-11-05,2025-11-05,✅,10,10,✅,4641.56,4641.56,✅,Hecho,✅
544980,ADG32 6265 SMORENO SL,ADG32 6265 SMORENO SL,✅,ALUBIX SL,ALUBIX SL,✅,2025-11-12,2025-11-12,✅,14,14,✅,3760.68,3760.68,✅,Hecho,✅
544983,ADG32 6265 SMORENO SL,ADG32 6265 SMORENO SL,✅,ROCALLA SA,ROCALLA SA,✅,2025-11-12,2025-11-12,✅,13,13,✅,3886.52,3886.52,✅,Hecho,✅
547940,ADG32 6265 SMORENO SL,ADG32 6265 SMORENO SL,✅,ALUBIX SL,ALUBIX SL,✅,2025-11-19,2025-11-19,✅,15,15,✅,4780.71,4780.71,✅,Hecho,✅
547942,ADG32 6265 SMORENO SL,ADG32 6265 SMORENO SL,✅,ROCALLA SA,ROCALLA SA,✅,2025-11-19,2025-11-19,✅,17,17,✅,3644.52,3644.52,✅,Hecho,✅
551286,ADG32 6265 SMORENO SL,ADG32 6265 SMORENO SL,✅,ALUBIX SL,ALUBIX SL,✅,2025-11-26,2025-11-26,✅,20,20,✅,5021.5,5021.5,✅,Hecho,✅
551295,ADG32 6265 SMORENO SL,ADG32 6265 SMORENO SL,✅,ROCALLA SA,ROCALLA SA,✅,2025-11-26,2025-11-26,✅,19,19,✅,3455.76,3455.76,✅,Hecho,✅
554294,ADG32 6265 SMORENO SL,ADG32 6265 SMORENO SL,✅,ALUBIX SL,ALUBIX SL,✅,2025-12-03,2025-12-03,✅,24,24,✅,5042.07,5042.07,✅,Hecho,✅
554301,ADG32 6265 SMORENO SL,ADG32 6265 SMORENO SL,✅,ROCALLA SA,ROCALLA SA,✅,2025-12-03,2025-12-03,✅,23,23,✅,3463.02,3463.02,✅,Hecho,✅
556846,ADG32 6265 SMORENO SL,ADG32 6265 SMORENO SL,✅,ALUBIX SL,ALUBIX SL,✅,2025-12-10,2025-12-10,✅,25,25,✅,3903.46,3903.46,✅,Hecho,✅
556853,ADG32 6265 SMORENO SL,ADG32 6265 SMORENO SL,✅,ROCALLA SA,ROCALLA SA,✅,2025-12-10,2025-12-10,✅,26,26,✅,3840.54,3840.54,✅,Hecho,✅
561013,ADG32 6265 SMORENO SL,ADG32 6265 SMORENO SL,✅,ALUBIX SL,ALUBIX SL,✅,2025-12-18,2025-12-18,✅,29,29,✅,3898.62,3898.62,✅,Hecho,✅
561014,ADG32 6265 SMORENO SL,ADG32 6265 SMORENO SL,✅,ROCALLA SA,ROCALLA SA,✅,2025-12-18,2025-12-18,✅,28,28,✅,3153.26,3153.26,✅,Hecho,✅
536437,ADG32 6320 MNAVARRO SL,ADG32 6320 MNAVARRO SL,✅,ROCALLA SA,ROCALLA SA,✅,2025-10-20,2025-10-20,✅,4,4,✅,1173.7,1173.7,✅,Hecho,✅
536438,ADG32 6320 MNAVARRO SL,ADG32 6320 MNAVARRO SL,✅,ALUBIX SL,ALUBIX SL,✅,2025-10-20,2025-10-20,✅,3,3,✅,1193.06,1193.06,✅,Hecho,✅
537484,ADG32 6320 MNAVARRO SL,ADG32 6320 MNAVARRO SL,✅,ALUBIX SL,ALUBIX SL,✅,2025-10-22,2025-10-22,✅,8,8,✅,3494.48,3494.48,✅,Hecho,✅
537486,ADG32 6320 MNAVARRO SL,ADG32 6320 MNAVARRO SL,✅,ROCALLA SA,ROCALLA SA,✅,2025-10-22,2025-10-22,✅,8,8,✅,3506.58,3506.58,✅,Hecho,✅
540056,ADG32 6320 MNAVARRO SL,ADG32 6320 MNAVARRO SL,✅,ALUBIX SL,ALUBIX SL,✅,2025-10-29,2025-10-29,✅,9,9,✅,4418.92,4418.92,✅,Hecho,✅
540057,ADG32 6320 MNAVARRO SL,ADG32 6320 MNAVARRO SL,✅,ROCALLA SA,ROCALLA SA,✅,2025-10-29,2025-10-29,✅,12,12,✅,4498.78,4498.78,✅,Hecho,✅
542290,ADG32 6320 MNAVARRO SL,ADG32 6320 MNAVARRO SL,✅,ALUBIX SL,ALUBIX SL,✅,2025-11-05,2025-11-05,✅,14,14,✅,3988.16,3988.16,✅,Hecho,✅
542293,ADG32 6320 MNAVARRO SL,ADG32 6320 MNAVARRO SL,✅,ROCALLA SA,ROCALLA SA,✅,2025-11-05,2025-11-05,✅,16,16,✅,3954.28,3954.28,✅,Hecho,✅
544975,ADG32 6320 MNAVARRO SL,ADG32 6320 MNAVARRO SL,✅,ALUBIX SL,ALUBIX SL,✅,2025-11-12,2025-11-12,✅,19,19,✅,3988.16,3988.16,✅,Hecho,✅
544981,ADG32 6320 MNAVARRO SL,ADG32 6320 MNAVARRO SL,✅,ROCALLA SA,ROCALLA SA,✅,2025-11-12,2025-11-12,✅,19,19,✅,3809.08,3809.08,✅,Hecho,✅
549047,ADG32 6320 MNAVARRO SL,ADG32 6320 MNAVARRO SL,✅,ALUBIX SL,ALUBIX SL,✅,2025-11-20,2025-11-20,✅,21,21,✅,4539.92,4539.92,✅,Hecho,✅
549048,ADG32 6320 MNAVARRO SL,ADG32 6320 MNAVARRO SL,✅,ROCALLA SA,ROCALLA SA,✅,2025-11-20,2025-11-20,✅,20,20,✅,4014.78,4014.78,✅,Hecho,✅
551254,ADG32 6320 MNAVARRO SL,ADG32 6320 MNAVARRO SL,✅,ALUBIX SL,ALUBIX SL,✅,2025-11-26,2025-11-26,✅,24,24,✅,4653.66,4653.66,✅,Hecho,✅
551267,ADG32 6320 MNAVARRO SL,ADG32 6320 MNAVARRO SL,✅,ROCALLA SA,ROCALLA SA,✅,2025-11-26,2025-11-26,✅,22,22,✅,4602.84,4602.84,✅,Hecho,✅
554277,ADG32 6320 MNAVARRO SL,ADG32 6320 MNAVARRO SL,✅,ALUBIX SL,ALUBIX SL,✅,2025-12-03,2025-12-03,✅,28,28,✅,4087.38,4087.38,✅,Hecho,✅
554290,ADG32 6320 MNAVARRO SL,ADG32 6320 MNAVARRO SL,✅,ROCALLA SA,ROCALLA SA,✅,2025-12-03,2025-12-03,✅,25,25,✅,4232.58,4232.58,✅,Hecho,✅
556839,ADG32 6320 MNAVARRO SL,ADG32 6320 MNAVARRO SL,✅,ALUBIX SL,ALUBIX SL,✅,2025-12-10,2025-12-10,✅,32,32,✅,4334.22,4334.22,✅,Hecho,✅
556843,ADG32 6320 MNAVARRO SL,ADG32 6320 MNAVARRO SL,✅,ROCALLA SA,ROCALLA SA,✅,2025-12-10,2025-12-10,✅,26,26,✅,4365.68,4365.68,✅,Hecho,✅
561001,ADG32 6320 MNAVARRO SL,ADG32 6320 MNAVARRO SL,✅,ALUBIX SL,ALUBIX SL,✅,2025-12-18,2025-12-18,✅,34,34,✅,4082.54,4082.54,✅,Hecho,✅
561002,ADG32 6320 MNAVARRO SL,ADG32 6320 MNAVARRO SL,✅,ROCALLA SA,ROCALLA SA,✅,2025-12-18,2025-12-18,✅,27,27,✅,3714.7,3714.7,✅,Hecho,✅
561707,ADG32 6320 MNAVARRO SL,ADG32 6320 MNAVARRO SL,✅,ALUBIX SL,ALUBIX SL,✅,2025-12-29,2025-12-29,✅,35,35,✅,157.3,157.3,✅,Hecho,✅
561708,ADG32 6320 MNAVARRO SL,ADG32 6320 MNAVARRO SL,✅,ROCALLA SA,ROCALLA SA,✅,2025-12-29,2025-12-29,✅,30,30,✅,166.98,166.98,✅,Hecho,✅
535285,ADG32 6352 SAANANOU SL,ADG32 6352 SAANANOU SL,✅,ALUBIX SL,ALUBIX SL,✅,2025-10-17,2025-10-17,✅,4,4,✅,1266.87,1266.87,✅,Hecho,✅
535312,ADG32 6352 SAANANOU SL,ADG32 6352 SAANANOU SL,✅,ROCALLA SA,ROCALLA SA,✅,2025-10-17,2025-10-17,✅,3,3,✅,1056.33,1056.33,✅,Hecho,✅
537112,ADG32 6352 SAANANOU SL,ADG32 6352 SAANANOU SL,✅,ALUBIX SL,ALUBIX SL,✅,2025-10-22,2025-10-22,✅,8,8,✅,4020.23,4020.23,✅,Hecho,✅
537115,ADG32 6352 SAANANOU SL,ADG32 6352 SAANANOU SL,✅,ROCALLA SA,ROCALLA SA,✅,2025-10-22,2025-10-22,✅,5,5,✅,3661.46,3661.46,✅,Hecho,✅
540133,ADG32 6352 SAANANOU SL,ADG32 6352 SAANANOU SL,✅,ALUBIX SL,ALUBIX SL,✅,2025-10-29,2025-10-29,✅,13,13,✅,4325.15,4325.15,✅,Hecho,✅
540134,ADG32 6352 SAANANOU SL,ADG32 6352 SAANANOU SL,✅,ROCALLA SA,ROCALLA SA,✅,2025-10-29,2025-10-29,✅,6,6,✅,3539.25,3539.25,✅,Hecho,✅
542386,ADG32 6352 SAANANOU SL,ADG32 6352 SAANANOU SL,✅,ALUBIX SL,ALUBIX SL,✅,2025-11-05,2025-11-05,✅,15,15,✅,4266.46,4266.46,✅,Hecho,✅
542389,ADG32 6352 SAANANOU SL,ADG32 6352 SAANANOU SL,✅,ROCALLA SA,ROCALLA SA,✅,2025-11-05,2025-11-05,✅,8,8,✅,3643.31,3643.31,✅,Hecho,✅
545031,ADG32 6352 SAANANOU SL,ADG32 6352 SAANANOU SL,✅,ALUBIX SL,ALUBIX SL,✅,2025-11-12,2025-11-12,✅,20,20,✅,4049.27,4049.27,✅,Hecho,✅
545032,ADG32 6352 SAANANOU SL,ADG32 6352 SAANANOU SL,✅,ROCALLA SA,ROCALLA SA,✅,2025-11-12,2025-11-12,✅,12,12,✅,3403.73,3403.73,✅,Hecho,✅
548396,ADG32 6352 SAANANOU SL,ADG32 6352 SAANANOU SL,✅,ALUBIX SL,ALUBIX SL,✅,2025-11-19,2025-11-19,✅,24,24,✅,3916.77,3916.77,✅,Hecho,✅
548397,ADG32 6352 SAANANOU SL,ADG32 6352 SAANANOU SL,✅,ROCALLA SA,ROCALLA SA,✅,2025-11-19,2025-11-19,✅,16,16,✅,3781.25,3781.25,✅,Hecho,✅
551300,ADG32 6352 SAANANOU SL,ADG32 6352 SAANANOU SL,✅,ALUBIX SL,ALUBIX SL,✅,2025-11-26,2025-11-26,✅,25,25,✅,4823.06,4823.06,✅,Hecho,✅
551301,ADG32 6352 SAANANOU SL,ADG32 6352 SAANANOU SL,✅,ROCALLA SA,ROCALLA SA,✅,2025-11-26,2025-11-26,✅,19,19,✅,4241.05,4241.05,✅,Hecho,✅
554360,ADG32 6352 SAANANOU SL,ADG32 6352 SAANANOU SL,✅,ALUBIX SL,ALUBIX SL,✅,2025-12-03,2025-12-03,✅,27,27,✅,4040.8,4040.8,✅,Hecho,✅
554362,ADG32 6352 SAANANOU SL,ADG32 6352 SAANANOU SL,✅,ROCALLA SA,ROCALLA SA,✅,2025-12-03,2025-12-03,✅,24,24,✅,3861.11,3861.11,✅,Hecho,✅
556920,ADG32 6352 SAANANOU SL,ADG32 6352 SAANANOU SL,✅,ALUBIX SL,ALUBIX SL,✅,2025-12-10,2025-12-10,✅,28,28,✅,4420.74,4420.74,✅,Hecho,✅
556921,ADG32 6352 SAANANOU SL,ADG32 6352 SAANANOU SL,✅,ROCALLA SA,ROCALLA SA,✅,2025-12-10,2025-12-10,✅,29,29,✅,3950.65,3950.65,✅,Hecho,✅
560955,ADG32 6352 SAANANOU SL,ADG32 6352 SAANANOU SL,✅,ALUBIX SL,ALUBIX SL,✅,2025-12-17,2025-12-17,✅,30,30,✅,3872.0,3872.0,✅,Hecho,✅
560956,ADG32 6352 SAANANOU SL,ADG32 6352 SAANANOU SL,✅,ROCALLA SA,ROCALLA SA,✅,2025-12-17,2025-12-17,✅,32,32,✅,3191.98,3191.98,✅,Hecho,✅
561694,ADG32 6352 SAANANOU SL,ADG32 6352 SAANANOU SL,✅,ALUBIX SL,ALUBIX SL,✅,2025-12-28,2025-12-28,✅,35,35,✅,158.51,158.51,✅,Hecho,✅
561695,ADG32 6352 SAANANOU SL,ADG32 6352 SAANANOU SL,✅,ROCALLA SA,ROCALLA SA,✅,2025-12-28,2025-12-28,✅,35,35,✅,158.51,158.51,✅,Hecho,✅
535295,ADG32 6356 WAANANOU SL,ADG32 6356 WAANANOU SL,✅,ALUBIX SL,ALUBIX SL,✅,2025-10-17,2025-10-17,✅,1,1,✅,1507.66,1507.66,✅,Hecho,✅
535313,ADG32 6356 WAANANOU SL,ADG32 6356 WAANANOU SL,✅,ROCALLA SA,ROCALLA SA,✅,2025-10-17,2025-10-17,✅,5,5,✅,1444.74,1444.74,✅,Hecho,✅
537160,ADG32 6356 WAANANOU SL,ADG32 6356 WAANANOU SL,✅,ALUBIX SL,ALUBIX SL,✅,2025-10-22,2025-10-22,✅,4,4,✅,4808.54,4808.54,✅,Hecho,✅
537767,ADG32 6356 WAANANOU SL,ADG32 6356 WAANANOU SL,✅,ROCALLA SA,ROCALLA SA,✅,2025-10-22,2025-10-22,✅,8,8,✅,4977.94,4977.94,✅,Hecho,✅
540159,ADG32 6356 WAANANOU SL,ADG32 6356 WAANANOU SL,✅,ALUBIX SL,ALUBIX SL,✅,2025-10-29,2025-10-29,✅,6,6,✅,3874.42,3874.42,✅,Hecho,✅
540161,ADG32 6356 WAANANOU SL,ADG32 6356 WAANANOU SL,✅,ROCALLA SA,ROCALLA SA,✅,2025-10-29,2025-10-29,✅,10,10,✅,3322.66,3322.66,✅,Hecho,✅
542874,ADG32 6356 WAANANOU SL,ADG32 6356 WAANANOU SL,✅,ALUBIX SL,ALUBIX SL,✅,2025-11-05,2025-11-05,✅,9,9,✅,4360.84,4360.84,✅,Hecho,✅
542875,ADG32 6356 WAANANOU SL,ADG32 6356 WAANANOU SL,✅,ROCALLA SA,ROCALLA SA,✅,2025-11-05,2025-11-05,✅,15,15,✅,2473.24,2473.24,✅,Hecho,✅
545041,ADG32 6356 WAANANOU SL,ADG32 6356 WAANANOU SL,✅,ALUBIX SL,ALUBIX SL,✅,2025-11-12,2025-11-12,✅,12,12,✅,4689.96,4689.96,✅,Hecho,✅
545755,ADG32 6356 WAANANOU SL,ADG32 6356 WAANANOU SL,✅,ROCALLA SA,ROCALLA SA,✅,2025-11-13,2025-11-13,✅,17,17,✅,3369.85,3369.85,✅,Hecho,✅
546232,ADG32 6356 WAANANOU SL,ADG32 6356 WAANANOU SL,✅,ROCALLA SA,ROCALLA SA,✅,2025-11-14,2025-11-14,✅,20,20,✅,326.7,326.7,✅,Hecho,✅
547964,ADG32 6356 WAANANOU SL,ADG32 6356 WAANANOU SL,✅,ALUBIX SL,ALUBIX SL,✅,2025-11-19,2025-11-19,✅,14,14,✅,4418.92,4418.92,✅,Hecho,✅
548603,ADG32 6356 WAANANOU SL,ADG32 6356 WAANANOU SL,✅,ALUBIX SL,ALUBIX SL,✅,2025-11-19,2025-11-19,✅,15,15,✅,239.58,239.58,✅,Hecho,✅
548606,ADG32 6356 WAANANOU SL,ADG32 6356 WAANANOU SL,✅,ROCALLA SA,ROCALLA SA,✅,2025-11-19,2025-11-19,✅,23,23,✅,3488.43,3488.43,✅,Hecho,✅
549377,ADG32 6356 WAANANOU SL,ADG32 6356 WAANANOU SL,✅,ROCALLA SA,ROCALLA SA,✅,2025-11-21,2025-11-21,✅,28,28,✅,14.52,14.52,✅,Hecho,✅
551319,ADG32 6356 WAANANOU SL,ADG32 6356 WAANANOU SL,✅,ALUBIX SL,ALUBIX SL,✅,2025-11-26,2025-11-26,✅,19,19,✅,2814.46,2814.46,✅,Hecho,✅
551323,ADG32 6356 WAANANOU SL,ADG32 6356 WAANANOU SL,✅,ROCALLA SA,ROCALLA SA,✅,2025-11-26,2025-11-26,✅,29,29,✅,3196.82,3196.82,✅,Hecho,✅
551595,ADG32 6356 WAANANOU SL,ADG32 6356 WAANANOU SL,✅,ALUBIX SL,ALUBIX SL,✅,2025-11-26,2025-11-26,✅,20,20,✅,1422.96,1422.96,✅,Hecho,✅
554396,ADG32 6356 WAANANOU SL,ADG32 6356 WAANANOU SL,✅,ALUBIX SL,ALUBIX SL,✅,2025-12-03,2025-12-03,✅,24,24,✅,4767.4,4767.4,✅,Hecho,✅
554399,ADG32 6356 WAANANOU SL,ADG32 6356 WAANANOU SL,✅,ROCALLA SA,ROCALLA SA,✅,2025-12-03,2025-12-03,✅,32,32,✅,3803.03,3803.03,✅,Hecho,✅
557603,ADG32 6356 WAANANOU SL,ADG32 6356 WAANANOU SL,✅,ALUBIX SL,ALUBIX SL,✅,2025-12-10,2025-12-10,✅,25,25,✅,4314.86,4314.86,✅,Hecho,✅
557605,ADG32 6356 WAANANOU SL,ADG32 6356 WAANANOU SL,✅,ROCALLA SA,ROCALLA SA,✅,2025-12-10,2025-12-10,✅,37,37,✅,3623.95,3623.95,✅,Hecho,✅
560979,ADG32 6356 WAANANOU SL,ADG32 6356 WAANANOU SL,✅,ALUBIX SL,ALUBIX SL,✅,2025-12-17,2025-12-17,✅,31,31,✅,4997.3,4997.3,✅,Hecho,✅
560980,ADG32 6356 WAANANOU SL,ADG32 6356 WAANANOU SL,✅,ROCALLA SA,ROCALLA SA,✅,2025-12-17,2025-12-17,✅,41,41,✅,3662.67,3662.67,✅,Hecho,✅
561705,ADG32 6356 WAANANOU SL,ADG32 6356 WAANANOU SL,✅,ALUBIX SL,ALUBIX SL,✅,2025-12-29,2025-12-29,✅,33,33,✅,157.3,157.3,✅,Hecho,✅
561706,ADG32 6356 WAANANOU SL,ADG32 6356 WAANANOU SL,✅,ROCALLA SA,ROCALLA SA,✅,2025-12-29,2025-12-29,✅,45,45,✅,158.51,158.51,✅,Hecho,✅
535278,ADG32 6366 JMORAGUES SL,ADG32 6366 JMORAGUES SL,✅,ALUBIX SL,ALUBIX SL,✅,2025-10-17,2025-10-17,✅,3,3,✅,1067.22,1067.22,✅,Hecho,✅
535306,ADG32 6366 JMORAGUES SL,ADG32 6366 JMORAGUES SL,✅,ROCALLA SA,ROCALLA SA,✅,2025-10-17,2025-10-17,✅,4,4,✅,1353.99,1353.99,✅,Hecho,✅
537109,ADG32 6366 JMORAGUES SL,ADG32 6366 JMORAGUES SL,✅,ALUBIX SL,ALUBIX SL,✅,2025-10-22,2025-10-22,✅,8,8,✅,3748.58,3748.58,✅,Hecho,✅
537116,ADG32 6366 JMORAGUES SL,ADG32 6366 JMORAGUES SL,✅,ROCALLA SA,ROCALLA SA,✅,2025-10-22,2025-10-22,✅,6,6,✅,4239.84,4239.84,✅,Hecho,✅
540059,ADG32 6366 JMORAGUES SL,ADG32 6366 JMORAGUES SL,✅,ALUBIX SL,ALUBIX SL,✅,2025-10-29,2025-10-29,✅,10,10,✅,3303.3,3303.3,✅,Hecho,✅
540061,ADG32 6366 JMORAGUES SL,ADG32 6366 JMORAGUES SL,✅,ROCALLA SA,ROCALLA SA,✅,2025-10-29,2025-10-29,✅,10,10,✅,3873.21,3873.21,✅,Hecho,✅
542307,ADG32 6366 JMORAGUES SL,ADG32 6366 JMORAGUES SL,✅,ALUBIX SL,ALUBIX SL,✅,2025-11-05,2025-11-05,✅,11,11,✅,4242.26,4242.26,✅,Hecho,✅
542310,ADG32 6366 JMORAGUES SL,ADG32 6366 JMORAGUES SL,✅,ROCALLA SA,ROCALLA SA,✅,2025-11-05,2025-11-05,✅,12,12,✅,5150.97,5150.97,✅,Hecho,✅
544984,ADG32 6366 JMORAGUES SL,ADG32 6366 JMORAGUES SL,✅,ALUBIX SL,ALUBIX SL,✅,2025-11-12,2025-11-12,✅,15,15,✅,3564.66,3564.66,✅,Hecho,✅
544986,ADG32 6366 JMORAGUES SL,ADG32 6366 JMORAGUES SL,✅,ROCALLA SA,ROCALLA SA,✅,2025-11-12,2025-11-12,✅,15,15,✅,4773.45,4773.45,✅,Hecho,✅
547936,ADG32 6366 JMORAGUES SL,ADG32 6366 JMORAGUES SL,✅,ALUBIX SL,ALUBIX SL,✅,2025-11-19,2025-11-19,✅,20,20,✅,3310.56,3310.56,✅,Hecho,✅
547938,ADG32 6366 JMORAGUES SL,ADG32 6366 JMORAGUES SL,✅,ROCALLA SA,ROCALLA SA,✅,2025-11-19,2025-11-19,✅,19,19,✅,3767.94,3767.94,✅,Hecho,✅
551253,ADG32 6366 JMORAGUES SL,ADG32 6366 JMORAGUES SL,✅,ALUBIX SL,ALUBIX SL,✅,2025-11-26,2025-11-26,✅,21,21,✅,3859.9,3859.9,✅,Hecho,✅
551263,ADG32 6366 JMORAGUES SL,ADG32 6366 JMORAGUES SL,✅,ROCALLA SA,ROCALLA SA,✅,2025-11-26,2025-11-26,✅,21,21,✅,4265.25,4265.25,✅,Hecho,✅
554336,ADG32 6366 JMORAGUES SL,ADG32 6366 JMORAGUES SL,✅,ALUBIX SL,ALUBIX SL,✅,2025-12-03,2025-12-03,✅,25,25,✅,3576.76,3576.76,✅,Hecho,✅
554337,ADG32 6366 JMORAGUES SL,ADG32 6366 JMORAGUES SL,✅,ROCALLA SA,ROCALLA SA,✅,2025-12-03,2025-12-03,✅,24,24,✅,4345.11,4345.11,✅,Hecho,✅
556849,ADG32 6366 JMORAGUES SL,ADG32 6366 JMORAGUES SL,✅,ALUBIX SL,ALUBIX SL,✅,2025-12-10,2025-12-10,✅,29,29,✅,3492.06,3492.06,✅,Hecho,✅
556852,ADG32 6366 JMORAGUES SL,ADG32 6366 JMORAGUES SL,✅,ROCALLA SA,ROCALLA SA,✅,2025-12-10,2025-12-10,✅,26,26,✅,4189.02,4189.02,✅,Hecho,✅
561023,ADG32 6366 JMORAGUES SL,ADG32 6366 JMORAGUES SL,✅,ALUBIX SL,ALUBIX SL,✅,2025-12-18,2025-12-18,✅,32,32,✅,3373.48,3373.48,✅,Hecho,✅
561027,ADG32 6366 JMORAGUES SL,ADG32 6366 JMORAGUES SL,✅,ROCALLA SA,ROCALLA SA,✅,2025-12-18,2025-12-18,✅,31,31,✅,3767.94,3767.94,✅,Hecho,✅
535321,ADG32 6368 LPIZA SL,ADG32 6368 LPIZA SL,✅,ALUBIX SL,ALUBIX SL,✅,2025-10-17,2025-10-17,✅,4,4,✅,1447.16,1447.16,✅,Hecho,✅
535324,ADG32 6368 LPIZA SL,ADG32 6368 LPIZA SL,✅,ROCALLA SA,ROCALLA SA,✅,2025-10-17,2025-10-17,✅,5,5,✅,1672.22,1672.22,✅,Hecho,✅
537130,ADG32 6368 LPIZA SL,ADG32 6368 LPIZA SL,✅,ALUBIX SL,ALUBIX SL,✅,2025-10-22,2025-10-22,✅,8,8,✅,3092.76,3092.76,✅,Hecho,✅
537135,ADG32 6368 LPIZA SL,ADG32 6368 LPIZA SL,✅,ROCALLA SA,ROCALLA SA,✅,2025-10-22,2025-10-22,✅,6,6,✅,3559.82,3559.82,✅,Hecho,✅
540077,ADG32 6368 LPIZA SL,ADG32 6368 LPIZA SL,✅,ALUBIX SL,ALUBIX SL,✅,2025-10-29,2025-10-29,✅,11,11,✅,3598.54,3598.54,✅,Hecho,✅
540078,ADG32 6368 LPIZA SL,ADG32 6368 LPIZA SL,✅,ROCALLA SA,ROCALLA SA,✅,2025-10-29,2025-10-29,✅,7,7,✅,4264.04,4264.04,✅,Hecho,✅
542304,ADG32 6368 LPIZA SL,ADG32 6368 LPIZA SL,✅,ALUBIX SL,ALUBIX SL,✅,2025-11-05,2025-11-05,✅,14,14,✅,3813.92,3813.92,✅,Hecho,✅
542312,ADG32 6368 LPIZA SL,ADG32 6368 LPIZA SL,✅,ROCALLA SA,ROCALLA SA,✅,2025-11-05,2025-11-05,✅,12,12,✅,4714.16,4714.16,✅,Hecho,✅
545514,ADG32 6368 LPIZA SL,ADG32 6368 LPIZA SL,✅,ALUBIX SL,ALUBIX SL,✅,2025-11-13,2025-11-13,✅,16,16,✅,3315.4,3315.4,✅,Hecho,✅
545515,ADG32 6368 LPIZA SL,ADG32 6368 LPIZA SL,✅,ROCALLA SA,ROCALLA SA,✅,2025-11-13,2025-11-13,✅,14,14,✅,4486.68,4486.68,✅,Hecho,✅
547920,ADG32 6368 LPIZA SL,ADG32 6368 LPIZA SL,✅,ALUBIX SL,ALUBIX SL,✅,2025-11-19,2025-11-19,✅,18,18,✅,3540.46,3540.46,✅,Hecho,✅
547923,ADG32 6368 LPIZA SL,ADG32 6368 LPIZA SL,✅,ROCALLA SA,ROCALLA SA,✅,2025-11-19,2025-11-19,✅,17,17,✅,4176.92,4176.92,✅,Hecho,✅
551381,ADG32 6368 LPIZA SL,ADG32 6368 LPIZA SL,✅,ALUBIX SL,ALUBIX SL,✅,2025-11-26,2025-11-26,✅,23,23,✅,3959.12,3959.12,✅,Hecho,✅
551390,ADG32 6368 LPIZA SL,ADG32 6368 LPIZA SL,✅,ROCALLA SA,ROCALLA SA,✅,2025-11-26,2025-11-26,✅,20,20,✅,4271.3,4271.3,✅,Hecho,✅
554313,ADG32 6368 LPIZA SL,ADG32 6368 LPIZA SL,✅,ALUBIX SL,ALUBIX SL,✅,2025-12-03,2025-12-03,✅,24,24,✅,3913.14,3913.14,✅,Hecho,✅
554316,ADG32 6368 LPIZA SL,ADG32 6368 LPIZA SL,✅,ROCALLA SA,ROCALLA SA,✅,2025-12-03,2025-12-03,✅,22,22,✅,4663.34,4663.34,✅,Hecho,✅
556851,ADG32 6368 LPIZA SL,ADG32 6368 LPIZA SL,✅,ALUBIX SL,ALUBIX SL,✅,2025-12-10,2025-12-10,✅,28,28,✅,3593.7,3593.7,✅,Hecho,✅
556855,ADG32 6368 LPIZA SL,ADG32 6368 LPIZA SL,✅,ROCALLA SA,ROCALLA SA,✅,2025-12-10,2025-12-10,✅,26,26,✅,5186.06,5186.06,✅,Hecho,✅
560474,ADG32 6368 LPIZA SL,ADG32 6368 LPIZA SL,✅,ALUBIX SL,ALUBIX SL,✅,2025-12-17,2025-12-17,✅,32,32,✅,3283.94,3283.94,✅,Hecho,✅
560477,ADG32 6368 LPIZA SL,ADG32 6368 LPIZA SL,✅,ROCALLA SA,ROCALLA SA,✅,2025-12-17,2025-12-17,✅,30,30,✅,3741.32,3741.32,✅,Hecho,✅
561675,ADG32 6368 LPIZA SL,,❌,ALUBIX SL,,❌,2025-12-24,,❌,34,,❌,171.82,,❌,,❌
561677,ADG32 6368 LPIZA SL,,❌,ROCALLA SA,,❌,2025-12-24,,❌,31,,❌,162.14,,❌,,❌
535276,ADG32 6369 VMASTRANGELO SL,ADG32 6369 VMASTRANGELO SL,✅,ALUBIX SL,ALUBIX SL,✅,2025-10-17,2025-10-17,✅,1,1,✅,1239.04,1239.04,✅,Hecho,✅
535299,ADG32 6369 VMASTRANGELO SL,ADG32 6369 VMASTRANGELO SL,✅,ROCALLA SA,ROCALLA SA,✅,2025-10-17,2025-10-17,✅,5,5,✅,1593.57,1593.57,✅,Hecho,✅
537048,ADG32 6369 VMASTRANGELO SL,ADG32 6369 VMASTRANGELO SL,✅,ALUBIX SL,ALUBIX SL,✅,2025-10-22,2025-10-22,✅,2,2,✅,1840.41,1840.41,✅,Hecho,✅
537049,ADG32 6369 VMASTRANGELO SL,ADG32 6369 VMASTRANGELO SL,✅,ALUBIX SL,ALUBIX SL,✅,2025-10-22,2025-10-22,✅,4,4,✅,1583.89,1583.89,✅,Hecho,✅
537052,ADG32 6369 VMASTRANGELO SL,ADG32 6369 VMASTRANGELO SL,✅,ROCALLA SA,ROCALLA SA,✅,2025-10-22,2025-10-22,✅,7,7,✅,4268.88,4268.88,✅,Hecho,✅
540055,ADG32 6369 VMASTRANGELO SL,ADG32 6369 VMASTRANGELO SL,✅,ALUBIX SL,ALUBIX SL,✅,2025-10-29,2025-10-29,✅,8,8,✅,3286.36,3286.36,✅,Hecho,✅
540058,ADG32 6369 VMASTRANGELO SL,ADG32 6369 VMASTRANGELO SL,✅,ROCALLA SA,ROCALLA SA,✅,2025-10-29,2025-10-29,✅,12,12,✅,4544.76,4544.76,✅,Hecho,✅
542280,ADG32 6369 VMASTRANGELO SL,ADG32 6369 VMASTRANGELO SL,✅,ALUBIX SL,ALUBIX SL,✅,2025-11-05,2025-11-05,✅,9,9,✅,3501.74,3501.74,✅,Hecho,✅
542281,ADG32 6369 VMASTRANGELO SL,ADG32 6369 VMASTRANGELO SL,✅,ROCALLA SA,ROCALLA SA,✅,2025-11-05,2025-11-05,✅,13,13,✅,4034.14,4034.14,✅,Hecho,✅
544972,ADG32 6369 VMASTRANGELO SL,ADG32 6369 VMASTRANGELO SL,✅,ALUBIX SL,ALUBIX SL,✅,2025-11-12,2025-11-12,✅,10,10,✅,3682.64,3682.64,✅,Hecho,✅
544977,ADG32 6369 VMASTRANGELO SL,ADG32 6369 VMASTRANGELO SL,✅,ROCALLA SA,ROCALLA SA,✅,2025-11-12,2025-11-12,✅,17,17,✅,4266.46,4266.46,✅,Hecho,✅
547924,ADG32 6369 VMASTRANGELO SL,ADG32 6369 VMASTRANGELO SL,✅,ALUBIX SL,ALUBIX SL,✅,2025-11-19,2025-11-19,✅,12,12,✅,3590.07,3590.07,✅,Hecho,✅
547925,ADG32 6369 VMASTRANGELO SL,ADG32 6369 VMASTRANGELO SL,✅,ROCALLA SA,ROCALLA SA,✅,2025-11-19,2025-11-19,✅,21,21,✅,4089.8,4089.8,✅,Hecho,✅
551192,ADG32 6369 VMASTRANGELO SL,ADG32 6369 VMASTRANGELO SL,✅,ALUBIX SL,ALUBIX SL,✅,2025-11-26,2025-11-26,✅,16,16,✅,3931.29,3931.29,✅,Hecho,✅
551194,ADG32 6369 VMASTRANGELO SL,ADG32 6369 VMASTRANGELO SL,✅,ROCALLA SA,ROCALLA SA,✅,2025-11-26,2025-11-26,✅,26,26,✅,4502.41,4502.41,✅,Hecho,✅
554275,ADG32 6369 VMASTRANGELO SL,ADG32 6369 VMASTRANGELO SL,✅,ALUBIX SL,ALUBIX SL,✅,2025-12-03,2025-12-03,✅,20,20,✅,3245.83,3245.83,✅,Hecho,✅
554280,ADG32 6369 VMASTRANGELO SL,ADG32 6369 VMASTRANGELO SL,✅,ROCALLA SA,ROCALLA SA,✅,2025-12-03,2025-12-03,✅,30,30,✅,4397.14,4397.14,✅,Hecho,✅
554380,ADG32 6369 VMASTRANGELO SL,ADG32 6369 VMASTRANGELO SL,✅,ROCALLA SA,ROCALLA SA,✅,2025-12-03,2025-12-03,✅,35,35,✅,65.34,65.34,✅,Hecho,✅
556808,ADG32 6369 VMASTRANGELO SL,ADG32 6369 VMASTRANGELO SL,✅,ROCALLA SA,ROCALLA SA,✅,2025-12-10,2025-12-10,✅,36,36,✅,4440.7,4440.7,✅,Hecho,✅
556812,ADG32 6369 VMASTRANGELO SL,ADG32 6369 VMASTRANGELO SL,✅,ALUBIX SL,ALUBIX SL,✅,2025-12-10,2025-12-10,✅,24,24,✅,3415.83,3415.83,✅,Hecho,✅
560905,ADG32 6369 VMASTRANGELO SL,ADG32 6369 VMASTRANGELO SL,✅,ALUBIX SL,ALUBIX SL,✅,2025-12-17,2025-12-17,✅,26,26,✅,3581.6,3581.6,✅,Hecho,✅
560906,ADG32 6369 VMASTRANGELO SL,ADG32 6369 VMASTRANGELO SL,✅,ROCALLA SA,ROCALLA SA,✅,2025-12-17,2025-12-17,✅,38,38,✅,4262.83,4262.83,✅,Hecho,✅
535280,ADG32 6427 NANANOU SL,ADG32 6427 NANANOU SL,✅,ALUBIX SL,ALUBIX SL,✅,2025-10-17,2025-10-17,✅,5,5,✅,1352.78,1352.78,✅,Hecho,✅
535303,ADG32 6427 NANANOU SL,ADG32 6427 NANANOU SL,✅,ROCALLA SA,ROCALLA SA,✅,2025-10-17,2025-10-17,✅,3,3,✅,786.5,786.5,✅,Hecho,✅
537782,ADG32 6427 NANANOU SL,ADG32 6427 NANANOU SL,✅,ALUBIX SL,ALUBIX SL,✅,2025-10-23,2025-10-23,✅,7,7,✅,4619.78,4619.78,✅,Hecho,✅
537785,ADG32 6427 NANANOU SL,ADG32 6427 NANANOU SL,✅,ROCALLA SA,ROCALLA SA,✅,2025-10-23,2025-10-23,✅,6,6,✅,2870.12,2870.12,✅,Hecho,✅
540130,ADG32 6427 NANANOU SL,ADG32 6427 NANANOU SL,✅,ALUBIX SL,ALUBIX SL,✅,2025-10-29,2025-10-29,✅,8,8,✅,4474.58,4474.58,✅,Hecho,✅
540132,ADG32 6427 NANANOU SL,ADG32 6427 NANANOU SL,✅,ROCALLA SA,ROCALLA SA,✅,2025-10-29,2025-10-29,✅,8,8,✅,2618.44,2618.44,✅,Hecho,✅
542342,ADG32 6427 NANANOU SL,ADG32 6427 NANANOU SL,✅,ALUBIX SL,ALUBIX SL,✅,2025-11-05,2025-11-05,✅,9,9,✅,5186.06,5186.06,✅,Hecho,✅
542345,ADG32 6427 NANANOU SL,ADG32 6427 NANANOU SL,✅,ROCALLA SA,ROCALLA SA,✅,2025-11-05,2025-11-05,✅,11,11,✅,3274.26,3274.26,✅,Hecho,✅
544987,ADG32 6427 NANANOU SL,ADG32 6427 NANANOU SL,✅,ALUBIX SL,ALUBIX SL,✅,2025-11-12,2025-11-12,✅,13,13,✅,4636.72,4636.72,✅,Hecho,✅
544989,ADG32 6427 NANANOU SL,ADG32 6427 NANANOU SL,✅,ROCALLA SA,ROCALLA SA,✅,2025-11-12,2025-11-12,✅,15,15,✅,2816.88,2816.88,✅,Hecho,✅
548604,ADG32 6427 NANANOU SL,ADG32 6427 NANANOU SL,✅,ALUBIX SL,ALUBIX SL,✅,2025-11-19,2025-11-19,✅,18,18,✅,4542.34,4542.34,✅,Hecho,✅
548605,ADG32 6427 NANANOU SL,ADG32 6427 NANANOU SL,✅,ROCALLA SA,ROCALLA SA,✅,2025-11-19,2025-11-19,✅,16,16,✅,3332.34,3332.34,✅,Hecho,✅
551241,ADG32 6427 NANANOU SL,ADG32 6427 NANANOU SL,✅,ALUBIX SL,ALUBIX SL,✅,2025-11-26,2025-11-26,✅,20,20,✅,4881.14,4881.14,✅,Hecho,✅
551246,ADG32 6427 NANANOU SL,ADG32 6427 NANANOU SL,✅,ROCALLA SA,ROCALLA SA,✅,2025-11-26,2025-11-26,✅,20,20,✅,3160.52,3160.52,✅,Hecho,✅
554338,ADG32 6427 NANANOU SL,ADG32 6427 NANANOU SL,✅,ALUBIX SL,ALUBIX SL,✅,2025-12-03,2025-12-03,✅,25,25,✅,4653.66,4653.66,✅,Hecho,✅
554339,ADG32 6427 NANANOU SL,ADG32 6427 NANANOU SL,✅,ROCALLA SA,ROCALLA SA,✅,2025-12-03,2025-12-03,✅,22,22,✅,2792.68,2792.68,✅,Hecho,✅
556848,ADG32 6427 NANANOU SL,ADG32 6427 NANANOU SL,✅,ALUBIX SL,ALUBIX SL,✅,2025-12-10,2025-12-10,✅,29,29,✅,5164.28,5164.28,✅,Hecho,✅
556854,ADG32 6427 NANANOU SL,ADG32 6427 NANANOU SL,✅,ROCALLA SA,ROCALLA SA,✅,2025-12-10,2025-12-10,✅,24,24,✅,3254.9,3254.9,✅,Hecho,✅
560936,ADG32 6427 NANANOU SL,ADG32 6427 NANANOU SL,✅,ALUBIX SL,ALUBIX SL,✅,2025-12-17,2025-12-17,✅,31,31,✅,4670.6,4670.6,✅,Hecho,✅
560937,ADG32 6427 NANANOU SL,ADG32 6427 NANANOU SL,✅,ROCALLA SA,ROCALLA SA,✅,2025-12-17,2025-12-17,✅,27,27,✅,2974.18,2974.18,✅,Hecho,✅
561701,ADG32 6427 NANANOU SL,ADG32 6427 NANANOU SL,✅,ALUBIX SL,ALUBIX SL,✅,2025-12-29,2025-12-29,✅,32,32,✅,171.82,171.82,✅,Hecho,✅
561703,ADG32 6427 NANANOU SL,ADG32 6427 NANANOU SL,✅,ROCALLA SA,ROCALLA SA,✅,2025-12-29,2025-12-29,✅,30,30,✅,157.3,157.3,✅,Hecho,✅
538001,ADG32 6428 ABOUBAL SL,ADG32 6428 ABOUBAL SL,✅,ALUBIX SL,ALUBIX SL,✅,2025-10-23,2025-10-23,✅,3,3,✅,5057.8,5057.8,✅,Hecho,✅
538002,ADG32 6428 ABOUBAL SL,ADG32 6428 ABOUBAL SL,✅,ROCALLA SA,ROCALLA SA,✅,2025-10-23,2025-10-23,✅,5,5,✅,5619.24,5619.24,✅,Hecho,✅
540108,ADG32 6428 ABOUBAL SL,ADG32 6428 ABOUBAL SL,✅,ALUBIX SL,ALUBIX SL,✅,2025-10-29,2025-10-29,✅,8,8,✅,3649.36,3649.36,✅,Hecho,✅
540109,ADG32 6428 ABOUBAL SL,ADG32 6428 ABOUBAL SL,✅,ROCALLA SA,ROCALLA SA,✅,2025-10-29,2025-10-29,✅,6,6,✅,4179.34,4179.34,✅,Hecho,✅
542319,ADG32 6428 ABOUBAL SL,ADG32 6428 ABOUBAL SL,✅,ALUBIX SL,ALUBIX SL,✅,2025-11-05,2025-11-05,✅,10,10,✅,4143.04,4143.04,✅,Hecho,✅
542322,ADG32 6428 ABOUBAL SL,ADG32 6428 ABOUBAL SL,✅,ROCALLA SA,ROCALLA SA,✅,2025-11-05,2025-11-05,✅,8,8,✅,3934.92,3934.92,✅,Hecho,✅
545025,ADG32 6428 ABOUBAL SL,ADG32 6428 ABOUBAL SL,✅,ALUBIX SL,ALUBIX SL,✅,2025-11-12,2025-11-12,✅,11,11,✅,3683.24,3683.24,✅,Hecho,✅
545027,ADG32 6428 ABOUBAL SL,ADG32 6428 ABOUBAL SL,✅,ROCALLA SA,ROCALLA SA,✅,2025-11-12,2025-11-12,✅,11,11,✅,3932.5,3932.5,✅,Hecho,✅
547912,ADG32 6428 ABOUBAL SL,ADG32 6428 ABOUBAL SL,✅,ALUBIX SL,ALUBIX SL,✅,2025-11-19,2025-11-19,✅,16,16,✅,4404.4,4404.4,✅,Hecho,✅
547914,ADG32 6428 ABOUBAL SL,ADG32 6428 ABOUBAL SL,✅,ROCALLA SA,ROCALLA SA,✅,2025-11-19,2025-11-19,✅,14,14,✅,4302.76,4302.76,✅,Hecho,✅
551342,ADG32 6428 ABOUBAL SL,ADG32 6428 ABOUBAL SL,✅,ALUBIX SL,ALUBIX SL,✅,2025-11-26,2025-11-26,✅,17,17,✅,3988.16,3988.16,✅,Hecho,✅
551345,ADG32 6428 ABOUBAL SL,ADG32 6428 ABOUBAL SL,✅,ROCALLA SA,ROCALLA SA,✅,2025-11-26,2025-11-26,✅,19,19,✅,4215.64,4215.64,✅,Hecho,✅
554308,ADG32 6428 ABOUBAL SL,ADG32 6428 ABOUBAL SL,✅,ALUBIX SL,ALUBIX SL,✅,2025-12-03,2025-12-03,✅,20,20,✅,3891.36,3891.36,✅,Hecho,✅
554312,ADG32 6428 ABOUBAL SL,ADG32 6428 ABOUBAL SL,✅,ROCALLA SA,ROCALLA SA,✅,2025-12-03,2025-12-03,✅,21,21,✅,3978.48,3978.48,✅,Hecho,✅
556977,ADG32 6428 ABOUBAL SL,ADG32 6428 ABOUBAL SL,✅,ALUBIX SL,ALUBIX SL,✅,2025-12-10,2025-12-10,✅,25,25,✅,3417.04,3417.04,✅,Hecho,✅
556981,ADG32 6428 ABOUBAL SL,ADG32 6428 ABOUBAL SL,✅,ROCALLA SA,ROCALLA SA,✅,2025-12-10,2025-12-10,✅,24,24,✅,4164.82,4164.82,✅,Hecho,✅
561157,ADG32 6428 ABOUBAL SL,ADG32 6428 ABOUBAL SL,✅,ALUBIX SL,ALUBIX SL,✅,2025-12-18,2025-12-18,✅,28,28,✅,3707.44,3707.44,✅,Hecho,✅
561158,ADG32 6428 ABOUBAL SL,ADG32 6428 ABOUBAL SL,✅,ROCALLA SA,ROCALLA SA,✅,2025-12-18,2025-12-18,✅,28,28,✅,3724.38,3724.38,✅,Hecho,✅
561714,ADG32 6428 ABOUBAL SL,ADG32 6428 ABOUBAL SL,✅,ALUBIX SL,ALUBIX SL,✅,2025-12-30,2025-12-30,✅,31,31,✅,164.56,164.56,✅,Hecho,✅
561715,ADG32 6428 ABOUBAL SL,ADG32 6428 ABOUBAL SL,✅,ROCALLA SA,ROCALLA SA,✅,2025-12-30,2025-12-30,✅,31,31,✅,162.14,162.14,✅,Hecho,✅
535281,ADG32 6431 GZOUGGAGHI SL,ADG32 6431 GZOUGGAGHI SL,✅,ALUBIX SL,ALUBIX SL,✅,2025-10-17,2025-10-17,✅,1,1,✅,1287.44,1287.44,✅,Hecho,✅
535298,ADG32 6431 GZOUGGAGHI SL,ADG32 6431 GZOUGGAGHI SL,✅,ROCALLA SA,ROCALLA SA,✅,2025-10-17,2025-10-17,✅,5,5,✅,1345.52,1345.52,✅,Hecho,✅
537124,ADG32 6431 GZOUGGAGHI SL,ADG32 6431 GZOUGGAGHI SL,✅,ALUBIX SL,ALUBIX SL,✅,2025-10-22,2025-10-22,✅,2,2,✅,3165.36,3165.36,✅,Hecho,✅
537125,ADG32 6431 GZOUGGAGHI SL,ADG32 6431 GZOUGGAGHI SL,✅,ROCALLA SA,ROCALLA SA,✅,2025-10-22,2025-10-22,✅,9,9,✅,4019.62,4019.62,✅,Hecho,✅
540066,ADG32 6431 GZOUGGAGHI SL,ADG32 6431 GZOUGGAGHI SL,✅,ALUBIX SL,ALUBIX SL,✅,2025-10-29,2025-10-29,✅,4,4,✅,3472.7,3472.7,✅,Hecho,✅
540076,ADG32 6431 GZOUGGAGHI SL,ADG32 6431 GZOUGGAGHI SL,✅,ROCALLA SA,ROCALLA SA,✅,2025-10-29,2025-10-29,✅,11,11,✅,3726.8,3726.8,✅,Hecho,✅
542287,ADG32 6431 GZOUGGAGHI SL,ADG32 6431 GZOUGGAGHI SL,✅,ALUBIX SL,ALUBIX SL,✅,2025-11-05,2025-11-05,✅,9,9,✅,3661.46,3661.46,✅,Hecho,✅
542291,ADG32 6431 GZOUGGAGHI SL,ADG32 6431 GZOUGGAGHI SL,✅,ROCALLA SA,ROCALLA SA,✅,2025-11-05,2025-11-05,✅,14,14,✅,4048.66,4048.66,✅,Hecho,✅
545024,ADG32 6431 GZOUGGAGHI SL,ADG32 6431 GZOUGGAGHI SL,✅,ALUBIX SL,ALUBIX SL,✅,2025-11-12,2025-11-12,✅,11,11,✅,3552.56,3552.56,✅,Hecho,✅
545028,ADG32 6431 GZOUGGAGHI SL,ADG32 6431 GZOUGGAGHI SL,✅,ROCALLA SA,ROCALLA SA,✅,2025-11-12,2025-11-12,✅,16,16,✅,4135.78,4135.78,✅,Hecho,✅
547870,ADG32 6431 GZOUGGAGHI SL,ADG32 6431 GZOUGGAGHI SL,✅,ALUBIX SL,ALUBIX SL,✅,2025-11-19,2025-11-19,✅,14,14,✅,4034.14,4034.14,✅,Hecho,✅
547872,ADG32 6431 GZOUGGAGHI SL,ADG32 6431 GZOUGGAGHI SL,✅,ROCALLA SA,ROCALLA SA,✅,2025-11-19,2025-11-19,✅,19,19,✅,4075.28,4075.28,✅,Hecho,✅
551231,ADG32 6431 GZOUGGAGHI SL,ADG32 6431 GZOUGGAGHI SL,✅,ALUBIX SL,ALUBIX SL,✅,2025-11-26,2025-11-26,✅,18,18,✅,3467.86,3467.86,✅,Hecho,✅
551234,ADG32 6431 GZOUGGAGHI SL,ADG32 6431 GZOUGGAGHI SL,✅,ROCALLA SA,ROCALLA SA,✅,2025-11-26,2025-11-26,✅,23,23,✅,4285.82,4285.82,✅,Hecho,✅
554328,ADG32 6431 GZOUGGAGHI SL,ADG32 6431 GZOUGGAGHI SL,✅,ALUBIX SL,ALUBIX SL,✅,2025-12-03,2025-12-03,✅,19,19,✅,4164.82,4164.82,✅,Hecho,✅
554329,ADG32 6431 GZOUGGAGHI SL,ADG32 6431 GZOUGGAGHI SL,✅,ROCALLA SA,ROCALLA SA,✅,2025-12-03,2025-12-03,✅,25,25,✅,4456.43,4456.43,✅,Hecho,✅
556835,ADG32 6431 GZOUGGAGHI SL,ADG32 6431 GZOUGGAGHI SL,✅,ALUBIX SL,ALUBIX SL,✅,2025-12-10,2025-12-10,✅,23,23,✅,3930.08,3930.08,✅,Hecho,✅
556837,ADG32 6431 GZOUGGAGHI SL,ADG32 6431 GZOUGGAGHI SL,✅,ROCALLA SA,ROCALLA SA,✅,2025-12-10,2025-12-10,✅,29,29,✅,4622.2,4622.2,✅,Hecho,✅
560996,ADG32 6431 GZOUGGAGHI SL,ADG32 6431 GZOUGGAGHI SL,✅,ALUBIX SL,ALUBIX SL,✅,2025-12-17,2025-12-17,✅,24,24,✅,3598.54,3598.54,✅,Hecho,✅
560997,ADG32 6431 GZOUGGAGHI SL,ADG32 6431 GZOUGGAGHI SL,✅,ROCALLA SA,ROCALLA SA,✅,2025-12-17,2025-12-17,✅,32,32,✅,4277.35,4277.35,✅,Hecho,✅
561700,ADG32 6431 GZOUGGAGHI SL,ADG32 6431 GZOUGGAGHI SL,✅,ALUBIX SL,ALUBIX SL,✅,2025-12-29,2025-12-29,✅,26,26,✅,162.14,162.14,✅,Hecho,✅
561702,ADG32 6431 GZOUGGAGHI SL,ADG32 6431 GZOUGGAGHI SL,✅,ROCALLA SA,ROCALLA SA,✅,2025-12-29,2025-12-29,✅,33,33,✅,179.08,179.08,✅,Hecho,✅
535287,ADG32 6702 NFORNES SL,ADG32 6702 NFORNES SL,✅,ALUBIX SL,ALUBIX SL,✅,2025-10-17,2025-10-17,✅,3,3,✅,1280.18,1280.18,✅,Hecho,✅
535310,ADG32 6702 NFORNES SL,ADG32 6702 NFORNES SL,✅,ROCALLA SA,ROCALLA SA,✅,2025-10-17,2025-10-17,✅,2,2,✅,878.46,878.46,✅,Hecho,✅
537161,ADG32 6702 NFORNES SL,ADG32 6702 NFORNES SL,✅,ALUBIX SL,ALUBIX SL,✅,2025-10-22,2025-10-22,✅,8,8,✅,4735.94,4735.94,✅,Hecho,✅
537418,ADG32 6702 NFORNES SL,ADG32 6702 NFORNES SL,✅,ROCALLA SA,ROCALLA SA,✅,2025-10-22,2025-10-22,✅,7,7,✅,3204.08,3204.08,✅,Hecho,✅
540080,ADG32 6702 NFORNES SL,ADG32 6702 NFORNES SL,✅,ALUBIX SL,ALUBIX SL,✅,2025-10-29,2025-10-29,✅,9,9,✅,4460.06,4460.06,✅,Hecho,✅
540090,ADG32 6702 NFORNES SL,ADG32 6702 NFORNES SL,✅,ROCALLA SA,ROCALLA SA,✅,2025-10-29,2025-10-29,✅,10,10,✅,3300.88,3300.88,✅,Hecho,✅
542316,ADG32 6702 NFORNES SL,ADG32 6702 NFORNES SL,✅,ALUBIX SL,ALUBIX SL,✅,2025-11-05,2025-11-05,✅,10,10,✅,4256.78,4256.78,✅,Hecho,✅
542328,ADG32 6702 NFORNES SL,ADG32 6702 NFORNES SL,✅,ROCALLA SA,ROCALLA SA,✅,2025-11-05,2025-11-05,✅,13,13,✅,3015.32,3015.32,✅,Hecho,✅
545004,ADG32 6702 NFORNES SL,ADG32 6702 NFORNES SL,✅,ALUBIX SL,ALUBIX SL,✅,2025-11-12,2025-11-12,✅,12,12,✅,4455.22,4455.22,✅,Hecho,✅
545005,ADG32 6702 NFORNES SL,ADG32 6702 NFORNES SL,✅,ROCALLA SA,ROCALLA SA,✅,2025-11-12,2025-11-12,✅,16,16,✅,3317.82,3317.82,✅,Hecho,✅
547939,ADG32 6702 NFORNES SL,ADG32 6702 NFORNES SL,✅,ALUBIX SL,ALUBIX SL,✅,2025-11-19,2025-11-19,✅,14,14,✅,4789.18,4789.18,✅,Hecho,✅
547941,ADG32 6702 NFORNES SL,ADG32 6702 NFORNES SL,✅,ROCALLA SA,ROCALLA SA,✅,2025-11-19,2025-11-19,✅,18,18,✅,3373.48,3373.48,✅,Hecho,✅
551277,ADG32 6702 NFORNES SL,ADG32 6702 NFORNES SL,✅,ALUBIX SL,ALUBIX SL,✅,2025-11-26,2025-11-26,✅,15,15,✅,4675.44,4675.44,✅,Hecho,✅
551281,ADG32 6702 NFORNES SL,ADG32 6702 NFORNES SL,✅,ROCALLA SA,ROCALLA SA,✅,2025-11-26,2025-11-26,✅,21,21,✅,3150.84,3150.84,✅,Hecho,✅
554367,ADG32 6702 NFORNES SL,ADG32 6702 NFORNES SL,✅,ROCALLA SA,ROCALLA SA,✅,2025-12-03,2025-12-03,✅,23,23,✅,3358.96,3358.96,✅,Hecho,✅
554370,ADG32 6702 NFORNES SL,ADG32 6702 NFORNES SL,✅,ALUBIX SL,ALUBIX SL,✅,2025-12-03,2025-12-03,✅,20,20,✅,4614.94,4614.94,✅,Hecho,✅
556810,ADG32 6702 NFORNES SL,ADG32 6702 NFORNES SL,✅,ALUBIX SL,ALUBIX SL,✅,2025-12-10,2025-12-10,✅,21,21,✅,5094.1,5094.1,✅,Hecho,✅
556819,ADG32 6702 NFORNES SL,ADG32 6702 NFORNES SL,✅,ROCALLA SA,ROCALLA SA,✅,2025-12-10,2025-12-10,✅,26,26,✅,3228.28,3228.28,✅,Hecho,✅
561110,ADG32 6702 NFORNES SL,ADG32 6702 NFORNES SL,✅,ALUBIX SL,ALUBIX SL,✅,2025-12-18,2025-12-18,✅,22,22,✅,4692.38,4692.38,✅,Hecho,✅
561111,ADG32 6702 NFORNES SL,ADG32 6702 NFORNES SL,✅,ROCALLA SA,ROCALLA SA,✅,2025-12-18,2025-12-18,✅,31,31,✅,0.0,3267.0,❌,Hecho,✅
535283,ADG32 6706 NSUIYHI SL,ADG32 6706 NSUIYHI SL,✅,ALUBIX SL,ALUBIX SL,✅,2025-10-17,2025-10-17,✅,3,3,✅,849.42,849.42,✅,Hecho,✅
535302,ADG32 6706 NSUIYHI SL,ADG32 6706 NSUIYHI SL,✅,ROCALLA SA,ROCALLA SA,✅,2025-10-17,2025-10-17,✅,2,2,✅,1582.68,1582.68,✅,Hecho,✅
537118,ADG32 6706 NSUIYHI SL,ADG32 6706 NSUIYHI SL,✅,ALUBIX SL,ALUBIX SL,✅,2025-10-22,2025-10-22,✅,8,8,✅,3869.58,3869.58,✅,Hecho,✅
537121,ADG32 6706 NSUIYHI SL,ADG32 6706 NSUIYHI SL,✅,ROCALLA SA,ROCALLA SA,✅,2025-10-22,2025-10-22,✅,7,7,✅,4464.9,4464.9,✅,Hecho,✅
540081,ADG32 6706 NSUIYHI SL,ADG32 6706 NSUIYHI SL,✅,ALUBIX SL,ALUBIX SL,✅,2025-10-29,2025-10-29,✅,10,10,✅,3862.32,3862.32,✅,Hecho,✅
540084,ADG32 6706 NSUIYHI SL,ADG32 6706 NSUIYHI SL,✅,ROCALLA SA,ROCALLA SA,✅,2025-10-29,2025-10-29,✅,9,9,✅,4123.68,4123.68,✅,Hecho,✅
542292,ADG32 6706 NSUIYHI SL,ADG32 6706 NSUIYHI SL,✅,ALUBIX SL,ALUBIX SL,✅,2025-11-05,2025-11-05,✅,14,14,✅,4486.68,4486.68,✅,Hecho,✅
542296,ADG32 6706 NSUIYHI SL,ADG32 6706 NSUIYHI SL,✅,ROCALLA SA,ROCALLA SA,✅,2025-11-05,2025-11-05,✅,14,14,✅,3477.54,3477.54,✅,Hecho,✅
545010,ADG32 6706 NSUIYHI SL,ADG32 6706 NSUIYHI SL,✅,ROCALLA SA,ROCALLA SA,✅,2025-11-12,2025-11-12,✅,18,18,✅,4268.88,4268.88,✅,Hecho,✅
545014,ADG32 6706 NSUIYHI SL,ADG32 6706 NSUIYHI SL,✅,ALUBIX SL,ALUBIX SL,✅,2025-11-12,2025-11-12,✅,17,17,✅,4094.64,4094.64,✅,Hecho,✅
547890,ADG32 6706 NSUIYHI SL,ADG32 6706 NSUIYHI SL,✅,ALUBIX SL,ALUBIX SL,✅,2025-11-19,2025-11-19,✅,21,21,✅,4297.92,4297.92,✅,Hecho,✅
547893,ADG32 6706 NSUIYHI SL,ADG32 6706 NSUIYHI SL,✅,ROCALLA SA,ROCALLA SA,✅,2025-11-19,2025-11-19,✅,19,19,✅,3659.04,3659.04,✅,Hecho,✅
551235,ADG32 6706 NSUIYHI SL,ADG32 6706 NSUIYHI SL,✅,ALUBIX SL,ALUBIX SL,✅,2025-11-26,2025-11-26,✅,25,25,✅,4646.4,4646.4,✅,Hecho,✅
551237,ADG32 6706 NSUIYHI SL,ADG32 6706 NSUIYHI SL,✅,ROCALLA SA,ROCALLA SA,✅,2025-11-26,2025-11-26,✅,22,22,✅,4414.08,4414.08,✅,Hecho,✅
554393,ADG32 6706 NSUIYHI SL,ADG32 6706 NSUIYHI SL,✅,ALUBIX SL,ALUBIX SL,✅,2025-12-03,2025-12-03,✅,30,30,✅,3731.64,3731.64,✅,Hecho,✅
554394,ADG32 6706 NSUIYHI SL,ADG32 6706 NSUIYHI SL,✅,ROCALLA SA,ROCALLA SA,✅,2025-12-03,2025-12-03,✅,25,25,✅,4443.12,4443.12,✅,Hecho,✅
556824,ADG32 6706 NSUIYHI SL,ADG32 6706 NSUIYHI SL,✅,ALUBIX SL,ALUBIX SL,✅,2025-12-10,2025-12-10,✅,33,33,✅,3615.48,3615.48,✅,Hecho,✅
556826,ADG32 6706 NSUIYHI SL,ADG32 6706 NSUIYHI SL,✅,ROCALLA SA,ROCALLA SA,✅,2025-12-10,2025-12-10,✅,26,26,✅,4014.78,4014.78,✅,Hecho,✅
561004,ADG32 6706 NSUIYHI SL,ADG32 6706 NSUIYHI SL,✅,ALUBIX SL,ALUBIX SL,✅,2025-12-18,2025-12-18,✅,35,35,✅,3332.34,3332.34,✅,Hecho,✅
561004,ADG32 6706 NSUIYHI SL,ADG32 6706 NSUIYHI SL,✅,ALUBIX SL,ALUBIX SL,✅,2025-12-18,,❌,35,,❌,3332.34,0.0,❌,Borrador,❌
561005,ADG32 6706 NSUIYHI SL,ADG32 6706 NSUIYHI SL,✅,ROCALLA SA,ROCALLA SA,✅,2025-12-18,2025-12-18,✅,30,30,✅,3346.86,3346.86,✅,Hecho,✅
561044,ADG32 6706 NSUIYHI SL,ADG32 6706 NSUIYHI SL,✅,ALUBIX SL,ALUBIX SL,✅,2025-12-18,2025-12-18,✅,39,39,✅,72.6,72.6,✅,Hecho,✅
535286,ADG32 6707 MOUAZINE SL,ADG32 6707 MOUAZINE SL,✅,ALUBIX SL,ALUBIX SL,✅,2025-10-17,2025-10-17,✅,1,1,✅,1323.74,1323.74,✅,Hecho,✅
535292,ADG32 6707 MOUAZINE SL,ADG32 6707 MOUAZINE SL,✅,ROCALLA SA,ROCALLA SA,✅,2025-10-17,2025-10-17,✅,2,2,✅,1408.44,1408.44,✅,Hecho,✅
537117,ADG32 6707 MOUAZINE SL,ADG32 6707 MOUAZINE SL,✅,ALUBIX SL,ALUBIX SL,✅,2025-10-22,2025-10-22,✅,3,3,✅,4293.08,4293.08,✅,Hecho,✅
537120,ADG32 6707 MOUAZINE SL,ADG32 6707 MOUAZINE SL,✅,ROCALLA SA,ROCALLA SA,✅,2025-10-22,2025-10-22,✅,6,6,✅,4421.34,4421.34,✅,Hecho,✅
540095,ADG32 6707 MOUAZINE SL,ADG32 6707 MOUAZINE SL,✅,ALUBIX SL,ALUBIX SL,✅,2025-10-29,2025-10-29,✅,6,6,✅,4135.78,4135.78,✅,Hecho,✅
540100,ADG32 6707 MOUAZINE SL,ADG32 6707 MOUAZINE SL,✅,ROCALLA SA,ROCALLA SA,✅,2025-10-29,2025-10-29,✅,10,10,✅,4145.46,4145.46,✅,Hecho,✅
542288,ADG32 6707 MOUAZINE SL,ADG32 6707 MOUAZINE SL,✅,ALUBIX SL,ALUBIX SL,✅,2025-11-05,2025-11-05,✅,10,10,✅,3947.02,3947.02,✅,Hecho,✅
542298,ADG32 6707 MOUAZINE SL,ADG32 6707 MOUAZINE SL,✅,ROCALLA SA,ROCALLA SA,✅,2025-11-05,2025-11-05,✅,15,15,✅,4094.64,4094.64,✅,Hecho,✅
546110,ADG32 6707 MOUAZINE SL,ADG32 6707 MOUAZINE SL,✅,ALUBIX SL,ALUBIX SL,✅,2025-11-13,2025-11-13,✅,13,13,✅,3821.18,3821.18,✅,Hecho,✅
546111,ADG32 6707 MOUAZINE SL,ADG32 6707 MOUAZINE SL,✅,ROCALLA SA,ROCALLA SA,✅,2025-11-13,2025-11-13,✅,16,16,✅,3930.08,3930.08,✅,Hecho,✅
547926,ADG32 6707 MOUAZINE SL,ADG32 6707 MOUAZINE SL,✅,ROCALLA SA,ROCALLA SA,✅,2025-11-19,2025-11-19,✅,19,19,✅,3888.94,3888.94,✅,Hecho,✅
547927,ADG32 6707 MOUAZINE SL,ADG32 6707 MOUAZINE SL,✅,ALUBIX SL,ALUBIX SL,✅,2025-11-19,2025-11-19,✅,18,18,✅,3821.18,3821.18,✅,Hecho,✅
551207,ADG32 6707 MOUAZINE SL,ADG32 6707 MOUAZINE SL,✅,ALUBIX SL,ALUBIX SL,✅,2025-11-26,2025-11-26,✅,21,21,✅,4087.38,4087.38,✅,Hecho,✅
551214,ADG32 6707 MOUAZINE SL,ADG32 6707 MOUAZINE SL,✅,ROCALLA SA,ROCALLA SA,✅,2025-11-26,2025-11-26,✅,24,24,✅,4038.98,4038.98,✅,Hecho,✅
554319,ADG32 6707 MOUAZINE SL,ADG32 6707 MOUAZINE SL,✅,ROCALLA SA,ROCALLA SA,✅,2025-12-03,2025-12-03,✅,28,28,✅,4014.78,4014.78,✅,Hecho,✅
554373,ADG32 6707 MOUAZINE SL,ADG32 6707 MOUAZINE SL,✅,ALUBIX SL,ALUBIX SL,✅,2025-12-03,2025-12-03,✅,22,22,✅,4026.88,4026.88,✅,Hecho,✅
556885,ADG32 6707 MOUAZINE SL,ADG32 6707 MOUAZINE SL,✅,ALUBIX SL,ALUBIX SL,✅,2025-12-10,2025-12-12,❌,25,25,✅,4290.66,4290.66,✅,Hecho,✅
556887,ADG32 6707 MOUAZINE SL,ADG32 6707 MOUAZINE SL,✅,ROCALLA SA,ROCALLA SA,✅,2025-12-10,2025-12-10,✅,33,33,✅,3961.54,3961.54,✅,Hecho,✅
561003,ADG32 6707 MOUAZINE SL,ADG32 6707 MOUAZINE SL,✅,ALUBIX SL,ROCALLA SA,❌,2025-12-18,2025-12-18,✅,29,37,❌,4205.96,4433.44,❌,Hecho,✅
561003,ADG32 6707 MOUAZINE SL,ADG32 6707 MOUAZINE SL,✅,ALUBIX SL,ALUBIX SL,✅,2025-12-18,2025-12-18,✅,29,29,✅,4205.96,4205.96,✅,Hecho,✅
561006,ADG32 6707 MOUAZINE SL,,❌,ROCALLA SA,,❌,2025-12-18,,❌,37,,❌,4433.44,,❌,,❌
535289,ADG32 6734 LABOLAFIO SL,ADG32 6734 LABOLAFIO SL,✅,ALUBIX SL,ALUBIX SL,✅,2025-10-17,2025-10-17,✅,2,2,✅,1638.34,1638.34,✅,Hecho,✅
535311,ADG32 6734 LABOLAFIO SL,ADG32 6734 LABOLAFIO SL,✅,ROCALLA SA,ROCALLA SA,✅,2025-10-17,2025-10-17,✅,3,3,✅,0.0,1089.0,❌,Hecho,✅
537776,ADG32 6734 LABOLAFIO SL,ADG32 6734 LABOLAFIO SL,✅,ALUBIX SL,ALUBIX SL,✅,2025-10-23,2025-10-23,✅,7,7,✅,4704.48,4704.48,✅,Hecho,✅
537778,ADG32 6734 LABOLAFIO SL,ADG32 6734 LABOLAFIO SL,✅,ROCALLA SA,ROCALLA SA,✅,2025-10-23,2025-10-23,✅,8,8,✅,3315.4,3315.4,✅,Hecho,✅
540135,ADG32 6734 LABOLAFIO SL,ADG32 6734 LABOLAFIO SL,✅,ALUBIX SL,ALUBIX SL,✅,2025-10-29,2025-10-29,✅,12,12,✅,4481.84,4481.84,✅,Hecho,✅
540136,ADG32 6734 LABOLAFIO SL,ADG32 6734 LABOLAFIO SL,✅,ROCALLA SA,ROCALLA SA,✅,2025-10-29,2025-10-29,✅,10,10,✅,3000.8,3000.8,✅,Hecho,✅
542340,ADG32 6734 LABOLAFIO SL,ADG32 6734 LABOLAFIO SL,✅,ALUBIX SL,ALUBIX SL,✅,2025-11-05,2025-11-05,✅,17,17,✅,5164.28,5164.28,✅,Hecho,✅
542341,ADG32 6734 LABOLAFIO SL,ADG32 6734 LABOLAFIO SL,✅,ROCALLA SA,ROCALLA SA,✅,2025-11-05,2025-11-05,✅,11,11,✅,3521.1,3521.1,✅,Hecho,✅
545007,ADG32 6734 LABOLAFIO SL,ADG32 6734 LABOLAFIO SL,✅,ALUBIX SL,ALUBIX SL,✅,2025-11-12,2025-11-12,✅,20,20,✅,4694.8,4694.8,✅,Hecho,✅
545011,ADG32 6734 LABOLAFIO SL,ADG32 6734 LABOLAFIO SL,✅,ROCALLA SA,ROCALLA SA,✅,2025-11-12,2025-11-12,✅,15,15,✅,3273.05,3273.05,✅,Hecho,✅
548618,ADG32 6734 LABOLAFIO SL,ADG32 6734 LABOLAFIO SL,✅,ALUBIX SL,ALUBIX SL,✅,2025-11-20,2025-11-20,✅,24,24,✅,5103.78,5103.78,✅,Hecho,✅
548619,ADG32 6734 LABOLAFIO SL,ADG32 6734 LABOLAFIO SL,✅,ROCALLA SA,ROCALLA SA,✅,2025-11-20,2025-11-20,✅,20,20,✅,3067.35,3067.35,✅,Hecho,✅
551239,ADG32 6734 LABOLAFIO SL,ADG32 6734 LABOLAFIO SL,✅,ALUBIX SL,ALUBIX SL,✅,2025-11-26,2025-11-26,✅,30,30,✅,5055.38,5055.38,✅,Hecho,✅
551242,ADG32 6734 LABOLAFIO SL,ADG32 6734 LABOLAFIO SL,✅,ROCALLA SA,ROCALLA SA,✅,2025-11-26,2025-11-26,✅,23,23,✅,3763.1,3763.1,✅,Hecho,✅
551322,ADG32 6734 LABOLAFIO SL,ADG32 6734 LABOLAFIO SL,✅,ALUBIX SL,ALUBIX SL,✅,2025-11-26,2025-11-26,✅,34,34,✅,522.72,522.72,✅,Hecho,✅
554320,ADG32 6734 LABOLAFIO SL,ADG32 6734 LABOLAFIO SL,✅,ALUBIX SL,ALUBIX SL,✅,2025-12-03,2025-12-03,✅,36,36,✅,4549.6,4549.6,✅,Hecho,✅
554322,ADG32 6734 LABOLAFIO SL,ADG32 6734 LABOLAFIO SL,✅,ROCALLA SA,ROCALLA SA,✅,2025-12-03,2025-12-03,✅,24,24,✅,3557.4,3557.4,✅,Hecho,✅
556830,ADG32 6734 LABOLAFIO SL,ADG32 6734 LABOLAFIO SL,✅,ALUBIX SL,ALUBIX SL,✅,2025-12-10,2025-12-10,✅,41,41,✅,5052.96,5052.96,✅,Hecho,✅
556836,ADG32 6734 LABOLAFIO SL,ADG32 6734 LABOLAFIO SL,✅,ROCALLA SA,ROCALLA SA,✅,2025-12-10,2025-12-10,✅,25,25,✅,0.0,3267.0,❌,Hecho,✅
560857,ADG32 6734 LABOLAFIO SL,ADG32 6734 LABOLAFIO SL,✅,ALUBIX SL,ALUBIX SL,✅,2025-12-17,2025-12-17,✅,43,43,✅,4510.88,4510.88,✅,Hecho,✅
560858,ADG32 6734 LABOLAFIO SL,ADG32 6734 LABOLAFIO SL,✅,ROCALLA SA,ROCALLA SA,✅,2025-12-17,2025-12-17,✅,27,27,✅,3236.75,3236.75,✅,Hecho,✅
535290,ADG32 6746 ELLADO SL,ADG32 6746 ELLADO SL,✅,ALUBIX SL,ALUBIX SL,✅,2025-10-17,2025-10-17,✅,2,2,✅,1074.48,1074.48,✅,Hecho,✅
535301,ADG32 6746 ELLADO SL,ADG32 6746 ELLADO SL,✅,ROCALLA SA,ROCALLA SA,✅,2025-10-17,2025-10-17,✅,3,3,✅,1422.96,1422.96,✅,Hecho,✅
537076,ADG32 6746 ELLADO SL,ADG32 6746 ELLADO SL,✅,ALUBIX SL,ALUBIX SL,✅,2025-10-22,2025-10-22,✅,3,3,✅,3765.52,3765.52,✅,Hecho,✅
537079,ADG32 6746 ELLADO SL,ADG32 6746 ELLADO SL,✅,ROCALLA SA,ROCALLA SA,✅,2025-10-22,2025-10-22,✅,8,8,✅,4639.14,4639.14,✅,Hecho,✅
540062,ADG32 6746 ELLADO SL,ADG32 6746 ELLADO SL,✅,ROCALLA SA,ROCALLA SA,✅,2025-10-29,2025-10-29,✅,11,11,✅,4711.74,4711.74,✅,Hecho,✅
540063,ADG32 6746 ELLADO SL,ADG32 6746 ELLADO SL,✅,ALUBIX SL,ALUBIX SL,✅,2025-10-29,2025-10-29,✅,6,6,✅,3494.48,3494.48,✅,Hecho,✅
542286,ADG32 6746 ELLADO SL,ADG32 6746 ELLADO SL,✅,ALUBIX SL,ALUBIX SL,✅,2025-11-05,2025-11-05,✅,10,10,✅,3627.58,3627.58,✅,Hecho,✅
542289,ADG32 6746 ELLADO SL,ADG32 6746 ELLADO SL,✅,ROCALLA SA,ROCALLA SA,✅,2025-11-05,2025-11-05,✅,15,15,✅,4227.74,4227.74,✅,Hecho,✅
544968,ADG32 6746 ELLADO SL,ADG32 6746 ELLADO SL,✅,ALUBIX SL,ALUBIX SL,✅,2025-11-12,2025-11-12,✅,14,14,✅,3588.86,3588.86,✅,Hecho,✅
544970,ADG32 6746 ELLADO SL,ADG32 6746 ELLADO SL,✅,ROCALLA SA,ROCALLA SA,✅,2025-11-12,2025-11-12,✅,17,17,✅,4480.63,4480.63,✅,Hecho,✅
547907,ADG32 6746 ELLADO SL,ADG32 6746 ELLADO SL,✅,ALUBIX SL,ALUBIX SL,✅,2025-11-19,2025-11-19,✅,15,15,✅,3119.38,3119.38,✅,Hecho,✅
547908,ADG32 6746 ELLADO SL,ADG32 6746 ELLADO SL,✅,ROCALLA SA,ROCALLA SA,✅,2025-11-19,2025-11-19,✅,22,22,✅,4341.48,4341.48,✅,Hecho,✅
551255,ADG32 6746 ELLADO SL,ADG32 6746 ELLADO SL,✅,ROCALLA SA,ROCALLA SA,✅,2025-11-26,2025-11-26,✅,27,27,✅,4254.36,4254.36,✅,Hecho,✅
551258,ADG32 6746 ELLADO SL,ADG32 6746 ELLADO SL,✅,ALUBIX SL,ALUBIX SL,✅,2025-11-26,2025-11-26,✅,18,18,✅,3075.82,3075.82,✅,Hecho,✅
551297,ADG32 6746 ELLADO SL,ADG32 6746 ELLADO SL,✅,ALUBIX SL,ALUBIX SL,✅,2025-11-26,2025-11-26,✅,21,21,✅,36.3,36.3,✅,Hecho,✅
554296,ADG32 6746 ELLADO SL,ADG32 6746 ELLADO SL,✅,ALUBIX SL,ALUBIX SL,✅,2025-12-03,2025-12-03,✅,24,24,✅,3569.5,3569.5,✅,Hecho,✅
554298,ADG32 6746 ELLADO SL,ADG32 6746 ELLADO SL,✅,ROCALLA SA,ROCALLA SA,✅,2025-12-03,2025-12-03,✅,30,30,✅,4464.9,4464.9,✅,Hecho,✅
556829,ADG32 6746 ELLADO SL,ADG32 6746 ELLADO SL,✅,ALUBIX SL,ALUBIX SL,✅,2025-12-10,2025-12-10,✅,27,27,✅,4157.56,4157.56,✅,Hecho,✅
556832,ADG32 6746 ELLADO SL,ADG32 6746 ELLADO SL,✅,ROCALLA SA,ROCALLA SA,✅,2025-12-10,2025-12-10,✅,34,34,✅,4798.86,4798.86,✅,Hecho,✅
560800,ADG32 6746 ELLADO SL,ADG32 6746 ELLADO SL,✅,ROCALLA SA,ROCALLA SA,✅,2025-12-17,2025-12-17,✅,36,36,✅,5154.6,5154.6,✅,Hecho,✅
560801,ADG32 6746 ELLADO SL,ADG32 6746 ELLADO SL,✅,ALUBIX SL,ALUBIX SL,✅,2025-12-17,2025-12-17,✅,28,28,✅,3617.9,3617.9,✅,Hecho,✅
535277,ADG32 6777 JGARCIA SL,ADG32 6777 JGARCIA SL,✅,ALUBIX SL,ALUBIX SL,✅,2025-10-17,2025-10-17,✅,5,5,✅,1476.2,1476.2,✅,Hecho,✅
535305,ADG32 6777 JGARCIA SL,ADG32 6777 JGARCIA SL,✅,ROCALLA SA,ROCALLA SA,✅,2025-10-17,2025-10-17,✅,3,3,✅,1577.84,1577.84,✅,Hecho,✅
537194,ADG32 6777 JGARCIA SL,ADG32 6777 JGARCIA SL,✅,ALUBIX SL,ALUBIX SL,✅,2025-10-22,2025-10-22,✅,9,9,✅,4036.56,4036.56,✅,Hecho,✅
537198,ADG32 6777 JGARCIA SL,ADG32 6777 JGARCIA SL,✅,ROCALLA SA,ROCALLA SA,✅,2025-10-22,2025-10-22,✅,8,8,✅,3869.58,3869.58,✅,Hecho,✅
540075,ADG32 6777 JGARCIA SL,ADG32 6777 JGARCIA SL,✅,ALUBIX SL,ALUBIX SL,✅,2025-10-29,2025-10-29,✅,13,13,✅,3976.06,3976.06,✅,Hecho,✅
540085,ADG32 6777 JGARCIA SL,ADG32 6777 JGARCIA SL,✅,ROCALLA SA,ROCALLA SA,✅,2025-10-29,2025-10-29,✅,10,10,✅,4385.04,4385.04,✅,Hecho,✅
542309,ADG32 6777 JGARCIA SL,ADG32 6777 JGARCIA SL,✅,ALUBIX SL,ALUBIX SL,✅,2025-11-05,2025-11-05,✅,15,15,✅,3492.06,3492.06,✅,Hecho,✅
542314,ADG32 6777 JGARCIA SL,ADG32 6777 JGARCIA SL,✅,ROCALLA SA,ROCALLA SA,✅,2025-11-05,2025-11-05,✅,14,14,✅,4031.72,4031.72,✅,Hecho,✅
544969,ADG32 6777 JGARCIA SL,ADG32 6777 JGARCIA SL,✅,ALUBIX SL,ALUBIX SL,✅,2025-11-12,2025-11-12,✅,20,20,✅,4097.06,4097.06,✅,Hecho,✅
544971,ADG32 6777 JGARCIA SL,ADG32 6777 JGARCIA SL,✅,ROCALLA SA,ROCALLA SA,✅,2025-11-12,2025-11-12,✅,16,16,✅,3901.04,3901.04,✅,Hecho,✅
547910,ADG32 6777 JGARCIA SL,ADG32 6777 JGARCIA SL,✅,ALUBIX SL,ALUBIX SL,✅,2025-11-19,2025-11-19,✅,24,24,✅,4266.46,4266.46,✅,Hecho,✅
547913,ADG32 6777 JGARCIA SL,ADG32 6777 JGARCIA SL,✅,ROCALLA SA,ROCALLA SA,✅,2025-11-19,2025-11-19,✅,19,19,✅,4259.2,4259.2,✅,Hecho,✅
551269,ADG32 6777 JGARCIA SL,ADG32 6777 JGARCIA SL,✅,ALUBIX SL,ALUBIX SL,✅,2025-11-26,2025-11-26,✅,26,26,✅,3939.76,3939.76,✅,Hecho,✅
551274,ADG32 6777 JGARCIA SL,ADG32 6777 JGARCIA SL,✅,ROCALLA SA,ROCALLA SA,✅,2025-11-26,2025-11-26,✅,23,23,✅,4293.08,4293.08,✅,Hecho,✅
554279,ADG32 6777 JGARCIA SL,ADG32 6777 JGARCIA SL,✅,ALUBIX SL,ALUBIX SL,✅,2025-12-03,2025-12-03,✅,30,30,✅,3782.46,3782.46,✅,Hecho,✅
554284,ADG32 6777 JGARCIA SL,ADG32 6777 JGARCIA SL,✅,ROCALLA SA,ROCALLA SA,✅,2025-12-03,2025-12-03,✅,24,24,✅,3639.68,3639.68,✅,Hecho,✅
556840,ADG32 6777 JGARCIA SL,ADG32 6777 JGARCIA SL,✅,ALUBIX SL,ALUBIX SL,✅,2025-12-10,2025-12-10,✅,35,35,✅,3927.66,3927.66,✅,Hecho,✅
556842,ADG32 6777 JGARCIA SL,ADG32 6777 JGARCIA SL,✅,ROCALLA SA,ROCALLA SA,✅,2025-12-10,2025-12-10,✅,26,26,✅,3736.48,3736.48,✅,Hecho,✅
561008,ADG32 6777 JGARCIA SL,ADG32 6777 JGARCIA SL,✅,ALUBIX SL,ALUBIX SL,✅,2025-12-18,2025-12-18,✅,37,37,✅,2991.12,2991.12,✅,Hecho,✅
561010,ADG32 6777 JGARCIA SL,ADG32 6777 JGARCIA SL,✅,ROCALLA SA,ROCALLA SA,✅,2025-12-18,2025-12-18,✅,30,30,✅,4256.78,4256.78,✅,Hecho,✅
561428,ADG32 6777 JGARCIA SL,ADG32 6777 JGARCIA SL,✅,ALUBIX SL,ALUBIX SL,✅,2025-12-19,2025-12-19,✅,41,41,✅,992.2,992.2,✅,Hecho,✅
561429,ADG32 6777 JGARCIA SL,ADG32 6777 JGARCIA SL,✅,ROCALLA SA,ROCALLA SA,✅,2025-12-19,2025-12-19,✅,32,32,✅,1602.04,1602.04,✅,Hecho,✅
535279,ADG32 6844 TTRAMULLAS SL,ADG32 6844 TTRAMULLAS SL,✅,ALUBIX SL,ALUBIX SL,✅,2025-10-17,2025-10-17,✅,1,1,✅,1488.3,1488.3,✅,Hecho,✅
535297,ADG32 6844 TTRAMULLAS SL,ADG32 6844 TTRAMULLAS SL,✅,ROCALLA SA,ROCALLA SA,✅,2025-10-17,2025-10-17,✅,4,4,✅,1205.16,1205.16,✅,Hecho,✅
537107,ADG32 6844 TTRAMULLAS SL,ADG32 6844 TTRAMULLAS SL,✅,ALUBIX SL,ALUBIX SL,✅,2025-10-22,2025-10-22,✅,2,2,✅,6824.4,6824.4,✅,Hecho,✅
537110,ADG32 6844 TTRAMULLAS SL,ADG32 6844 TTRAMULLAS SL,✅,ROCALLA SA,ROCALLA SA,✅,2025-10-22,2025-10-22,✅,8,8,✅,3550.14,3550.14,✅,Hecho,✅
540068,ADG32 6844 TTRAMULLAS SL,ADG32 6844 TTRAMULLAS SL,✅,ALUBIX SL,ALUBIX SL,✅,2025-10-29,2025-10-29,✅,5,5,✅,2432.1,2432.1,✅,Hecho,✅
540071,ADG32 6844 TTRAMULLAS SL,ADG32 6844 TTRAMULLAS SL,✅,ROCALLA SA,ROCALLA SA,✅,2025-10-29,2025-10-29,✅,10,10,✅,3315.4,3315.4,✅,Hecho,✅
542294,ADG32 6844 TTRAMULLAS SL,ADG32 6844 TTRAMULLAS SL,✅,ALUBIX SL,ALUBIX SL,✅,2025-11-05,2025-11-05,✅,10,10,✅,4731.1,4731.1,✅,Hecho,✅
542295,ADG32 6844 TTRAMULLAS SL,ADG32 6844 TTRAMULLAS SL,✅,ROCALLA SA,ROCALLA SA,✅,2025-11-05,2025-11-05,✅,11,11,✅,3396.47,3396.47,✅,Hecho,✅
545009,ADG32 6844 TTRAMULLAS SL,ADG32 6844 TTRAMULLAS SL,✅,ALUBIX SL,ALUBIX SL,✅,2025-11-12,2025-11-12,✅,14,14,✅,4634.3,4634.3,✅,Hecho,✅
545013,ADG32 6844 TTRAMULLAS SL,ADG32 6844 TTRAMULLAS SL,✅,ROCALLA SA,ROCALLA SA,✅,2025-11-12,2025-11-12,✅,12,12,✅,3512.63,3512.63,✅,Hecho,✅
547930,ADG32 6844 TTRAMULLAS SL,ADG32 6844 TTRAMULLAS SL,✅,ALUBIX SL,ALUBIX SL,✅,2025-11-19,2025-11-19,✅,15,15,✅,4900.5,4900.5,✅,Hecho,✅
547932,ADG32 6844 TTRAMULLAS SL,ADG32 6844 TTRAMULLAS SL,✅,ROCALLA SA,ROCALLA SA,✅,2025-11-19,2025-11-19,✅,16,16,✅,4014.78,4014.78,✅,Hecho,✅
551230,ADG32 6844 TTRAMULLAS SL,ADG32 6844 TTRAMULLAS SL,✅,ALUBIX SL,ALUBIX SL,✅,2025-11-26,2025-11-26,✅,20,20,✅,3847.8,3847.8,✅,Hecho,✅
551233,ADG32 6844 TTRAMULLAS SL,ADG32 6844 TTRAMULLAS SL,✅,ROCALLA SA,ROCALLA SA,✅,2025-11-26,2025-11-26,✅,17,17,✅,2965.71,2965.71,✅,Hecho,✅
555605,ADG32 6844 TTRAMULLAS SL,ADG32 6844 TTRAMULLAS SL,✅,ALUBIX SL,ALUBIX SL,✅,2025-12-05,2025-12-05,✅,21,21,✅,5336.1,5336.1,✅,Hecho,✅
555606,ADG32 6844 TTRAMULLAS SL,ADG32 6844 TTRAMULLAS SL,✅,ROCALLA SA,ROCALLA SA,✅,2025-12-05,2025-12-05,✅,18,18,✅,3587.65,3587.65,✅,Hecho,✅
556831,ADG32 6844 TTRAMULLAS SL,ADG32 6844 TTRAMULLAS SL,✅,ALUBIX SL,ALUBIX SL,✅,2025-12-10,2025-12-10,✅,25,25,✅,4876.3,4876.3,✅,Hecho,✅
556833,ADG32 6844 TTRAMULLAS SL,ADG32 6844 TTRAMULLAS SL,✅,ROCALLA SA,ROCALLA SA,✅,2025-12-10,2025-12-10,✅,21,21,✅,3421.88,3421.88,✅,Hecho,✅
561458,ADG32 6844 TTRAMULLAS SL,ADG32 6844 TTRAMULLAS SL,✅,ALUBIX SL,ALUBIX SL,✅,2025-12-19,2025-12-19,✅,26,26,✅,5832.2,5832.2,✅,Hecho,✅
561461,ADG32 6844 TTRAMULLAS SL,ADG32 6844 TTRAMULLAS SL,✅,ROCALLA SA,ROCALLA SA,✅,2025-12-19,2025-12-19,✅,25,25,✅,2971.76,2971.76,✅,Hecho,✅
